route_codes,schedule_no,endpoint_1,endpoint_2,via_locations
ADA1;ADD0;ADD1;ADA0;FPA9;ADA3,1,BELLVILLE,CAPE TOWN,
BRA0;BRA1;BRB2;BRB3;BRB8,1,CAPE TOWN,MAITLAND,
ADB3;ADB2;ADD2;ADA6;ADA5;ADD3;ADA2;ADA7,1,CAPE TOWN,ELSIES RIVER,
DAA0;DAA1;DAA8;DAA9;DAI5;DAL2;DAL6;DAC2,2,CAPE TOWN,KILLARNEY,
DAA2;DAA3;DAB9;DAB8,2,CAMBRIDGE,CAPE TOWN,
DAA5,2,KILLARNEY,SALT RIVER MARKET,
DAB2;DAB3,2,CAPE TOWN,MONTAGUE GARDENS,
DAD1,2,CAPE TOWN,MILNERTON,
DAK1;DAK0,2,BLAAUWBERG RIDGE,CAPE TOWN,
DAK6,2,CAPE TOWN,DU NOON,
DAK8;DAL0,2,CAPE TOWN,KILLARNEY GARDENS,
DAL9;DAB1;DAG2;DAG3;DAI3,2,BLAAUWBERG RIDGE,KILLARNEY,
MXF0;MXF1,2,KILLARNEY,KILLARNEY GARDENS,
BMD5;BMD7,3,CAPE TOWN,STELLENBOSCH,
KSL5;KSL6,3,STELLENBOSCH,STRAND STR,
DAA0;DAA1;DAA8;DAA9;DAI5;DAL2;DAL6;DAC2,4,CAPE TOWN,KILLARNEY,
DAB2;DAB3,4,CAPE TOWN,MONTAGUE GARDENS,
DAK8;DAL0,4,CAPE TOWN,KILLARNEY GARDENS,
MXF0;MXF1,4,KILLARNEY,KILLARNEY GARDENS,
PAE5;PAE6,4,CAPE TOWN,SAXONSEA,
PAF2;PAB4;PAY3,4,ATLANTIS,MONTAGUE GARDENS,
PAK7;PAR7;PAA5,4,ATLANTIS,KILLARNEY,
AOB2,5,BOTHASIG,SALT RIVER MARKET,
AOB4;AOC1;AOA8;AOB3;AOB7;AOE0,5,CAPE TOWN,EDGEMEAD,
AOB6;AOB9,5,CAPE TOWN,CENTURY CITY,
AOC3;AOD8,5,BOTHASIG,CAPE TOWN,
AUA0;AUA3;AUA7,5,CAPE TOWN,RICHWOOD,
DAA2;DAA3;DAB9;DAB8,5,CAMBRIDGE,CAPE TOWN,
DAG8,5,CAPE TOWN,SUMMER GREENS,
DAH0;DAH4,5,CAPE TOWN,SUMMER GREENS (7/11),
AAA6;AAA7,6,CAPE TOWN,SEA POINT,
ADB3;ADB2;ADD2;ADA6;ADA5;ADD3;ADA2;ADA7,7,CAPE TOWN,ELSIES RIVER,
BTB4,8,MOWBRAY,TOLLGATE STOP,
FTA1,8,CLAREMONT,MOWBRAY,
DXA0;DXA1,8,CAPE TOWN,MOWBRAY,
LBA2;LBA4;LBE8;LBE9;LBA5;LBC5;LBE6,8,MURDOCH VALLEY,OCEAN VIEW,
YEG0,8,RETREAT,WYNBERG,
YEH2;YEH4,8,RETREAT,WYNBERG,
FTD4,8,PLUMSTEAD,WYNBERG,
DXC2;DXC6;DXC0;DXC4;DXC5;DXC1;DXC7;DXC3,8,CAPE TOWN,RETREAT,
DXE0;DXA3;DXE1,8,CAPE TOWN,STEENBERG,
DXA8,8,RETREAT,WYNBERG,
FRB1,8,STEENBERG,WYNBERG,
DXA5;DXB2,8,CAPE TOWN,OCEAN VIEW,
CXA0;FTB7;CXA1,8,CLAREMONT,WYNBERG,
DXC9;DXB7,8,RETREAT,TOLLGATE STOP,
DXB3,8,CAPE TOWN,WYNBERG,
FTA5,8,CAPE TOWN,CLAREMONT,
DXA2,8,STEENBERG,V&A WATERFRONT,
ESA0;ESA1,9,MAITLAND,METRO,
BRA0;BRA1;BRB2;BRB3;BRB8,10,CAPE TOWN,MAITLAND,
BRA3,10,CAPE TOWN,NDABENI,
DTA4;DTH2;DTF9;DTF8;DTG0;DTF0;DTF3,10,CAPE TOWN,KOEBERG STN,
DAA0;DAA1;DAA8;DAA9;DAI5;DAL2;DAL6;DAC2,11,CAPE TOWN,KILLARNEY,
DAB2;DAB3,11,CAPE TOWN,MONTAGUE GARDENS,
DAK8;DAL0,11,CAPE TOWN,KILLARNEY,
MXF0;MXF1,11,KILLARNEY,KILLARNEY,
QTJ6,11,A.D.E.,MAMRE,
QTJ7,11,A.D.E.,MAMRE,
DYA0;DYE6;DYH4;DYI2;DYF8;DYI6;DYE7,11,CAPE TOWN,MAMRE,
PAF2;PAB4;PAY3,11,ATLANTIS,MONTAGUE GARDENS,
DYA6,11,MAMRE,MONTAGUE GARDENS,
PAK7;PAR7;PAA5,11,ATLANTIS,KILLARNEY,
DZB8;DZD0;DZB7;DZB5;DZD1;DZB9,11,CAPE TOWN,MALMESBURY,
PAF7;PAF6,11,KOEBERG STN,MAMRE,
PAF3;PBC2;PBA0,11,ATLANTIS,KOEBERG STN,
DTA4;DTH2;DTF9;DTF8;DTG0;DTF0;DTF3,11,CAPE TOWN,KOEBERG STN,
PAQ9;PAD3;PAQ8;PAE1,11,CAPE TOWN,DARLING,
QTB3,11,KOEBERG STN,MELKBOS,
QTB9;QTB8,11,DARLING,MELKBOS,
DYF4,11,KILLARNEY,MAMRE,
BPB4,12,CAMBRIDGE,NDABENI,
BRA3,12,CAPE TOWN,NDABENI,
DAA0;DAA1;DAA8;DAA9;DAI5;DAL2;DAL6;DAC2,12,CAPE TOWN,KILLARNEY,
DAA2;DAA3;DAB9;DAB8,12,CAMBRIDGE,CAPE TOWN,
DAA5,12,KILLARNEY,SALT RIVER MARKET,
DAB2;DAB3,12,CAPE TOWN,MONTAGUE GARDENS,
DAK8;DAL0,12,CAPE TOWN,KILLARNEY GARDENS,
MXF0;MXF1,12,KILLARNEY,KILLARNEY GARDENS,
DYA0;DYE6;DYH4;DYI2;DYF8;DYI6;DYE7,12,CAPE TOWN,MAMRE (PARADISE RD),
QTA8,12,KOEBERG STN,PELLA,
DYH5,12,MAMRE (PARADISE RD),NDABENI,
PAF2;PAB4;PAY3,12,ATLANTIS,MONTAGUE GARDENS,
DYA2;DYD4,12,CAPE TOWN,PELLA,
DYA6,12,MAMRE (PARADISE RD),MONTAGUE GARDENS,
DYC2,12,MAMRE,NDABENI,
PAK7;PAR7;PAA5,12,ATLANTIS,KILLARNEY,
PAF7;PAF6,12,KOEBERG STN,MAMRE,
PAF3;PBC2;PBA0,12,ATLANTIS,KOEBERG STN,
DTA4;DTH2;DTF9;DTF8;DTG0;DTF0;DTF3,12,CAPE TOWN,KOEBERG STN,
DTC5,12,KOEBERG STN,SALT RIVER MARKET,
DYB7,12,CAMBRIDGE,MAMRE (PARADISE RD),
DYI1;DYI3,12,MAMRE (PARADISE RD),TOLLGATE STOP,
DYF4,12,KILLARNEY,MAMRE (PARADISE RD),
BAA7;BAA6,15,CAPE TOWN,DURBANVILLE,
DAA0;DAA1;DAA8;DAA9;DAI5;DAL2;DAL6;DAC2,16,CAPE TOWN,KILLARNEY,
DAG1,16,CAPE TOWN,PARKLANDS,
DAK1;DAK0,16,BLAAUWBERG RIDGE,CAPE TOWN,
DAK8;DAL0,16,CAPE TOWN,KILLARNEY,
DAL9;DAB1;DAG2;DAG3;DAI3,16,BLAAUWBERG RIDGE,KILLARNEY,
MXF0;MXF1,16,KILLARNEY,KILLARNEY,
DTA4;DTH2;DTF9;DTF8;DTG0;DTF0;DTF3,16,CAPE TOWN,KOEBERG STN,
QTB3,16,KOEBERG STN,MELKBOS,
APD7;APD6,18,NYANGA TERM,PHILIPPI EAST SAP,
LCA0;LCA1,18,MURDOCH VALLEY,SIMONSTOWN,
KSI3;KSH0;KSH1;KSB7;KSJ6;KSK5,18,MAKHAZA,MURDOCH VALLEY,
KSG8;KSA3;KSG9,18,HARARE,MURDOCH VALLEY,
APB5;APB4,18,MURDOCH VALLEY,PHILIPPI EAST SAP,
KSK0,18,MURDOCH VALLEY,SITE C,
MBL7;MBM3;MBL6,19,CAPE GATE,TOWN CENTRE,
MIA4;MIB5;MIH4;MIH6,19,TAFELSIG,TOWN CENTRE,
MIA8;MIA9;MIB2;MIB3;MIB6;MIB7;MIB8,19,LOST CITY;TAFELSIG,TOWN CENTRE,
MIC0;MIE8;MIE9;MIF2;MIF3,19,BEACON VALLEY,TOWN CENTRE,
MID5;MID8,19,ROCKLANDS,TOWN CENTRE,
DAL9;DAB1;DAG2;DAG3;DAI3,21,BLAAUWBERG RIDGE,KILLARNEY,
CKB6,21,ELSIES RIVER,MONTAGUE GARDENS,
MXF0;MXF1,21,KILLARNEY,KILLARNEY GARDENS,
CKA5,21,KILLARNEY,MONTANA,
CKA0;CKC6,21,ELSIES RIVER,KILLARNEY,
CKA9;CKC4,21,KILLARNEY,NETREG,
CKA8,21,KILLARNEY GARDENS,NETREG,
FHC0,22,BONTEHEUWEL,TYGERBERG HOSP,
FHC4,22,BISHOP LAVIS,TYGERBERG STN,
FHA8;FHA9;AMC7;FHA3;AMC0,22,BISHOP LAVIS,TYGERBERG HOSP,
FHC2,22,BONTEHEUWEL,TYGERBERG STN,
AEA0;AEA1,23,BELLVILLE,MOWBRAY,
BAA0,24,BELLVILLE,DURBANVILLE,
BAA4;BAA5,24,BELLVILLE,ESCOM (BRACKENFELL),
BBA2;BBA3,24,BELLVILLE,SCOTTSDENE,
BBC6;BBC7,24,DURBANVILLE,SCOTTSDENE,
YER8;YEF8,24,BELLVILLE,DURBANVILLE,
BAA0,25,BELLVILLE,DURBANVILLE,
BAA8;BAA9,25,DURBANVILLE,LANGEBERG RIDGE,
BAB1,25,BELLVILLE,TYGER VALLEY CENTRE,
BAC0;BAC1,25,BELLVILLE,EVERSDAL,
YER8;YEF8,25,BELLVILLE,DURBANVILLE,
BNA4;BNA5,26,EPPING IND,MOWBRAY,
AHA0;AHA1,27,BRIDGETOWN,MOWBRAY,
AHA4;AHA5;AHA8,27,BRIDGETOWN,CAPE TOWN,
AJA0,27,BONTEHEUWEL,MOWBRAY,
AJA3;AJA4;AJA5;AJB3;AJB6;AJC2;AJA8,27,BONTEHEUWEL,CAPE TOWN,
DXA0;DXA1,27,CAPE TOWN,MOWBRAY,
CXA0;FTB7;CXA1,28,CLAREMONT,WYNBERG,
AHA0;AHA1,29,BRIDGETOWN,MOWBRAY,
AHA4;AHA5;AHA8,29,BRIDGETOWN,CAPE TOWN,
DXA0;DXA1,29,CAPE TOWN,MOWBRAY,
FWA0;FWA1;FWA9;FWC0;FWC1;FWC2,29,CAPE TOWN,HEIDEVELD,
FWA4;FWB5,29,HEIDEVELD,MOWBRAY,
BMA6;BMA7;BMG0;BME3;BMF2;BMF5;BME1;BMC0;BMC1;BMC3;BMA4;BMB8;BMA0;BMA1;BMA2;BMA3,30,CAPE TOWN,EINDHOVEN,
BMB1;BMB2;BMB3;BMD6,30,BELHAR,CAPE TOWN,
BMD9;BMD3,30,CAPE TOWN,SYMPHONY WAY,
BMG3;BMF8;BMG7;BME2;BMD4;BMC8;BMD0;BMD2;BMC5;BMA5;BMA8,30,CAPE TOWN,THE HAGUE,
DXA0;DXA1,30,CAPE TOWN,MOWBRAY,
BJA4;BJA2;BJA3,30,EINDHOVEN,MOWBRAY,
AHA0;AHA1,31,BRIDGETOWN,MOWBRAY,
AHA4;AHA5;AHA8,31,BRIDGETOWN,CAPE TOWN,
DRA0;DRA1;DRA8;DRC7,31,MANENBERG,MOWBRAY,
DRA3;DRA4;DRA5;DRA6;DRA7,31,CAPE TOWN,MANENBERG,
DXA0;DXA1,31,CAPE TOWN,MOWBRAY,
FWA0;FWA1;FWA9;FWC0;FWC1;FWC2,31,CAPE TOWN,HEIDEVELD,
FWA4;FWB5,31,HEIDEVELD,MOWBRAY,
KWA5;KWE0;KWG2;KWA4;KWG0,32,HARARE,WYNBERG,
KWA7;KWA9;KWB3;KWC7;KWC6;KWA6;KWB2,32,MAKHAZA,WYNBERG,
KWB7;KWB4;KWF3;KWB1;KWF2;KWF6;KWA8,32,VILLAGE 3,WYNBERG,
KWD2;KWD8;KWE6;KWE9;KWD9;KWD3,32,HOUT BAY HARBOUR,WYNBERG,
KWD7;KWD6,32,HARARE,HOUT BAY HARBOUR,
KWD1;KWF0;KWF1;KWD0,32,HOUT BAY HARBOUR,MAKHAZA,
KWA1;KWB0,32,SITE C,WYNBERG,
CBA4;CBB6;CBB7;CBC1;CBC6;CBC7;CBC0,33,CAPE TOWN,HANOVER PARK,
CDA0,33,HANOVER PARK,MOWBRAY,
DXA0;DXA1,33,CAPE TOWN,MOWBRAY,
CSA3,34,BONTEHEUWEL,HANOVER PARK,
CSC7;CSC6,34,ELSIES RIVER,SUNSET PARK,
CSB4;CSB5;CSA0,34,ELSIES RIVER,HANOVER PARK,
APF2;APF3,35,BOYSTOWN,NYANGA TERM,
AFA8,36,BELLVILLE,SACKS CIRCLE,
BAA0,36,BELLVILLE,DURBANVILLE,
BAB1,36,BELLVILLE,TYGER VALLEY CENTRE,
CRA0;CRA1;CRA7,36,BELLVILLE,HANOVER PARK,
CRA5,36,DURBANVILLE,HANOVER PARK,
YER8;YEF8,36,BELLVILLE,DURBANVILLE,
CAB0,37,HANOVER PARK,MANENBERG,
CAA5;CAA4,37,CLAREMONT,HANOVER PARK,
DQA0;DQA1;DQA2,37,CLAREMONT,MANENBERG,
CAB0,38,HANOVER PARK,MANENBERG SAP,
CPB1;CPA4;CPA0;CPA2;CPB0;CPB4,38,MANENBERG SAP,WYNBERG,
CPA7,38,HANOVER PARK,WYNBERG,
CHA0;CHB0;CHA1,39,HANOVER PARK,KILLARNEY,
DAL9;DAB1;DAG2;DAG3;DAI3,39,BLAAUWBERG,KILLARNEY,
MXD4,39,HANOVER PARK,KILLARNEY GARDENS,
MXF0;MXF1,39,KILLARNEY,KILLARNEY GARDENS,
PAF2;PAB4;PAY3,39,ATLANTIS,MONTAGUE GARDENS,
PAK7;PAR7;PAA5,39,ATLANTIS,KILLARNEY,
PAV8;PAW4;PAV9,39,ATLANTIS,HANOVER PARK,
CHA6,39,CENTURY CITY,HANOVER PARK,
CHB2,39,DU NOON,HANOVER PARK,
CAB0,40,HANOVER PARK,MANENBERG,
CHA0;CHB0;CHA1,40,HANOVER PARK,KILLARNEY,
CHC0;CHA2,40,KILLARNEY,MANENBERG,
CHC5,40,CENTURY CITY,MANENBERG,
DAL9;DAB1;DAG2;DAG3;DAI3,40,BLAAUWBERG RIDGE,KILLARNEY,
MXD4,40,HANOVER PARK,KILLARNEY,
MXF0;MXF1,40,KILLARNEY,KILLARNEY,
CHB9;CHB8,40,BLAAUWBERG RIDGE,MANENBERG,
DTD2;DTB8,40,BLAAUWBERG RIDGE,LANGA,
DTA1,40,BLAAUWBERG RIDGE,LANGA,
CHA6,40,CENTURY CITY,HANOVER PARK,
AKA6;AKA8,41,BONTEHEUWEL,KOEBERG STN,
AKA9,41,HEIDEVELD,KOEBERG STN,
CAB0,41,HANOVER PARK,MANENBERG,
CJA2,41,MAITLAND,MANENBERG SAP,
CJA3,41,MAITLAND,MANENBERG,
CJA5;CJA4,41,KOEBERG STN,MANENBERG,
CSA3,41,BONTEHEUWEL,HANOVER PARK,
APB2;EGE7;KMH1;EGE6;KMH0;APC1,43,CAPE TOWN,PHILIPPI EAST SAP,
APD7;APD6,43,NYANGA TERM,PHILIPPI EAST SAP,
APD9;APJ8,43,MOWBRAY,PHILIPPI EAST SAP,
EGA4;EGC1;EGC6;EGC8;EGA0;EGA5;EGC0;EGC7;EGC9;EGE0;EGE2;EGE4;EGE5;EGE8;EGF0;EGF2;EGH6;EGH8;EGI0;EGI3,43,CAPE TOWN,NYANGA TERM,
DXA0;DXA1,43,CAPE TOWN,MOWBRAY,
EGA2;EGA3;EGA6;EGA7;EGA9;EGC2;EGC3;EGC4;EGH7,43,MOWBRAY,NYANGA TERM,
AFA8,44,BELLVILLE,SACKS CIRCLE,
APD3;APE9;APF8;APD2;APC2;APE0;APC3;APD5;APA1,44,BELLVILLE,PHILIPPI EAST SAP,
APD7;APD6,44,NYANGA TERM,PHILIPPI EAST SAP,
ECA0;ECA1;ECA4;ECA5;ECA6;ECA8;ECB6;ECB3,44,BELLVILLE,NYANGA TERM,
ECB0;ECB2,44,BELLVILLE,GUGULETU,
FPA1;FPA5,44,BELLVILLE,KENRIDGE,
KKW8,45,MAKHAZA,PANORAMA MEDI CLINIC,
KKX1,45,HARARE,PANORAMA MEDI CLINIC,
EDA0;EDB1;EDA1,45,ELSIES RIVER,NYANGA TERM,
KED0;KEC3,45,ELSIES RIVER,HARARE,
KEA7;KEC5;API9,45,ELSIES RIVER,MAKHAZA,
KEA3;KEA0;KEA1;KEA5;KEC1;KEA6,45,HARARE,PANORAMA MEDI CLINIC,
KEB9;KEB8,45,PANORAMA MEDI CLINIC,VILLAGE 3,
EDA2;EDA4;EDA3;EDA5,45,NYANGA TERM,PANORAMA MEDI CLINIC,
KEA8;KEB5;KED1;KEB7;KEB4;KEB0;KEB6,45,MAKHAZA,PANORAMA MEDI CLINIC,
KEA2,45,J BLOCK,PANORAMA MEDI CLINIC,
KEE6,45,PANORAMA MEDI CLINIC,SITE C,
EDB3,45,N1 CITY,NYANGA TERM,
KEC7,45,ELSIES RIVER,VILLAGE 3,
EXB4;EXC0;EXC1;EXC2,45,ELSIES RIVER,PANORAMA MEDI CLINIC,
KEC4,45,HARARE,N1 CITY,
FGA2;FGA3;FGA6;FGA7,46,NYANGA TERM,TYGERBERG STN,
FGA4;FGA5;FGB6,46,NYANGA TERM,PAROW,
KTA7;KTA6;KTE2;KTC7;KTC8;KTA2,46,MAKHAZA,PAROW,
KTB1;KTB2;KTA4,46,KARL BREMER HOSP,VILLAGE 3,
KTB3,46,KARL BREMER HOSP,NYANGA TERM,
KTD1;KTE0;KTA3;KTA0;KTA5,46,HARARE,PAROW,
KTD3,46,PAROW,VILLAGE 3,
KTD7;KTB7,46,HARARE,TYGERBERG STN,
KTB8,46,TYGERBERG STN,VILLAGE 3,
KTC6;KTC1,46,ENKANINI,PAROW,
KTB0,46,KARL BREMER HOSP,MAKHAZA,
KTD2,46,MAKHAZA,TYGERBERG STN,
KTB5,46,MAKHAZA,PEPCOR FACTORY,
KSD6;KSH6,47,HARARE,KUILS RIVER,
RVA3;RVD1,47,HARARE,KUILS RIVER TERM,
RVB2;RVC9,47,KUILS RIVER,SITE C,
RVC8,47,KUILS RIVER TERM,SITE C,
KSI3;KSH0;KSH1;KSB7;KSJ6;KSK5,47,MAKHAZA,MURDOCH VALLEY,
RVI7;RVI6,47,KUILS RIVER,MURDOCH VALLEY,
KSG8;KSA3;KSG9,47,HARARE,MURDOCH VALLEY,
KSK0,47,MURDOCH VALLEY,SITE C,
MCA0;MCA1,48,MANDALAY,TOWN CENTRE,
MIA4;MIB5;MIH4;MIH6,48,TAFELSIG,TOWN CENTRE,
MIA8;MIA9;MIB2;MIB3;MIB6;MIB7;MIB8,48,TAFELSIG LOST CITY,TOWN CENTRE,
MIC0;MIE8;MIE9;MIF2;MIF3,48,BEACON VALLEY,TOWN CENTRE,
MID5;MID8,48,ROCKLANDS,TOWN CENTRE,
MXC6;MXC2;MXC3;MXD8,48,ALEXANDRA HOSP,ROCKLANDS,
MXC7;MXD0,48,ALEXANDRA HOSP,TAFELSIG,
MXD9,48,ALEXANDRA HOSP,MOWBRAY,
OPB6;OPI6;OPX4;OPG8;OPW5;OPC8;OPF1;OPG9;OPL0,48,MOWBRAY,TOWN CENTRE,
OPJ2;OPX6,48,MOWBRAY,TAFELSIG LOST CITY,
OPU8,48,MOWBRAY,TAFELSIG,
MIA4;MIB5;MIH4;MIH6,49,TAFELSIG,TOWN CENTRE,
MIA8;MIA9;MIB2;MIB3;MIB6;MIB7;MIB8,49,TAFELSIG LOST CITY,TOWN CENTRE,
MIC4;OMA0;OMA1,49,EASTRIDGE,TOWN CENTRE,
MIC8;MID0;MID2,49,TOWN CENTRE,WESTRIDGE,
MIB1,49,LEAGUES,TOWN CENTRE,
FPA1;FPA5,50,BELLVILLE,KENRIDGE,
DDA6;DDA0;DDA1,52,BUSY CORNER,CLAREMONT,
LBA0;LBA1;LBD1,53,JUBILEE SQUARE,OCEAN VIEW,
LBB0;LBB1,53,OCEAN VIEW,SIMONSTOWN,
LBB2,53,KOMMETJIE,OCEAN VIEW,
LBD8;LBF0,53,OCEAN VIEW,TOP STONES FACTORY,
LBE4;LBA8,53,OCEAN VIEW,SEA FORTH,
LCA2;LCA3,53,SEA FORTH,SIMONSTOWN,
LCG8,53,JUBILEE SQUARE,SIMONSTOWN,
LSB5;LSD3;LSB8,53,OCEAN VIEW,SEA FORTH,
LBA2;LBA4;LBE8;LBE9;LBA5;LBC5;LBE6,53,MURDOCH VALLEY,OCEAN VIEW,
LCD2,53,MURDOCH VALLEY,SEA FORTH,
LCF3,53,JUBILEE SQUARE,MURDOCH VALLEY,
LCA0;LCA1,53,MURDOCH VALLEY,SIMONSTOWN,
LCG5,53,MURDOCH VALLEY,SEA FORTH,
LCC2;LCC3;LSB6,53,FISH HOEK,MURDOCH VALLEY,
LCC5;LCC4,53,FISH HOEK,SEA FORTH,
LAB2;LAA0;LAA5;LAD3;LAC4;LAA4;LAA1;LAB3;LAE5,53,FISH HOEK,OCEAN VIEW,
LCC7,53,FISH HOEK,JUBILEE SQUARE,
LSD8;LSD4,53,FISH HOEK,OCEAN VIEW,
LSH4,53,FISH HOEK,KOMMETJIE,
LSF9,53,KOMMETJIE,SEA FORTH,
LAD1;LAE7;LAC3;LAC2;LAB0,53,FISH HOEK,KOMMETJIE,
LBB2,54,KOMMETJIE,OCEAN VIEW,
LBD8;LBF0,54,OCEAN VIEW,TOP STONES FACTORY,
LBE4;LBA8,54,OCEAN VIEW,SEA FORTH SCH,
LCD0,54,SEA FORTH SCH,SITE 5 CROSSRDS,
LSB5;LSD3;LSB8,54,OCEAN VIEW,SEA FORTH SCH,
LBA2;LBA4;LBE8;LBE9;LBA5;LBC5;LBE6,54,MURDOCH VALLEY,OCEAN VIEW,
LCD2,54,MURDOCH VALLEY,SEA FORTH SCH,
LCG5,54,MURDOCH VALLEY,SEA FORTH SCH,
LCC2;LCC3;LSB6,54,FISH HOEK,MURDOCH VALLEY,
LCC5;LCC4,54,FISH HOEK,SEA FORTH SCH,
LAB2;LAA0;LAA5;LAD3;LAC4;LAA4;LAA1;LAB3;LAE5,54,FISH HOEK,OCEAN VIEW,
LSD8;LSD4,54,FISH HOEK,OCEAN VIEW,
LSH4,54,FISH HOEK,KOMMETJIE,
LAA6,54,FISH HOEK,KOMMETJIE,SUN VALLEY
LSF9,54,KOMMETJIE,SEA FORTH SCH,
LAD1;LAE7;LAC3;LAC2;LAB0,54,FISH HOEK,KOMMETJIE,
LSI0,54,FISH HOEK,NOORDHOEK,
LAH1,54,FISH HOEK,SUN VALLEY,
LAB9;LAB8,54,OCEAN VIEW,PICK 'N PAY,
LAB4;LAA7;LAB5;LAF0;LAF8,54,FISH HOEK,NOORDHOEK,
LCC0,54,MURDOCH VALLEY,NOORDHOEK,
LBC3;LBC2,54,NOORDHOEK,OCEAN VIEW,
RRA0;RRA1;RRA3;RRB0;RRF9;RRI0,55,MACASSAR,SOMERSET WEST,
RRC5;RRG0;RRG1;RUA6,55,FIRGROVE,KARL BREMER HOSP,
RRC6,55,FIRGROVE,PEPCOR FACTORY,
RRC7,55,FIRGROVE,TYGERBERG HOSP,
RRD0;RRF2,55,KARL BREMER HOSP,SOMERSET WEST,
RRD5,55,SOMERSET WEST,TYGERBERG STN,
KSF1,56,LWANDLE,MACASSAR,
RPA0;RPA1,56,STRAND,TEMPERANCE TOWN,
RQB4;RQA6;RQB1,56,MACASSAR,STRAND,
RRA0;RRA1;RRA3;RRB0;RRF9;RRI0,56,MACASSAR,SOMERSET WEST,
RSA0;RSA1,56,LWANDLE,SOMERSET WEST,
RPB6,56,MACASSAR,TEMPERANCE TOWN,
MIA0,57,TOWN CENTRE,WESTGATE MALL,
MIA2,57,NEW WOODLANDS,TOWN CENTRE,
MIC2,57,MERRYDALE AVE,TOWN CENTRE,
MIB1,57,LEAGUES,TOWN CENTRE,
APD7;APD6,58,NYANGA TERM,PHILIPPI EAST SAP,
KMD3;KSE5;KSI8;KSK9;KSA5;KSG7;KSC7;KSC3;RVA4;RVD3;RVB7;KSA4,58,NYANGA TERM,SOMERSET WEST,
KSA0;KSA1;KSI0,58,LWANDLE,SITE C,
KSA6;KSB2;KSC4;KSC5;KSI4,58,MFULENI,STRAND,
KSA7;KSL2,58,LWANDLE,MFULENI,
KSB1;KSE8,58,HARARE,SOMERSET WEST,
KSB4;KSD1,58,SITE C,STRAND,
KSB5;RVB8,58,MFULENI,SOMERSET WEST,
KSB9,58,HARARE,SOMERSET MALL,
KSC9;KSA2,58,SOMERSET WEST,VILLAGE 3,
KSD0,58,MFULENI,SOMERSET MALL,
KSE2;KSE3;KSE6;KSF2,58,SITE C,SOMERSET WEST,
KSF0;KSG2;KSG3,58,MAKHAZA,SOMERSET WEST,
KSF4,58,HELDERBERG VILLAGE,SITE C,
KSF7,58,MAKHAZA,SOMERSET MALL,
KSH8,58,LWANDLE,VILLAGE 3,
KSJ0,58,HELDERBERG VILLAGE,PHILIPPI EAST SAP,
KSK2;KSD2;KSL4,58,LWANDLE,NYANGA TERM,
KSK8,58,HARARE,LWANDLE,
KXA2;KXA1,58,KHAYELITSHA,MAKHAZA,
RRA4,58,HELDERBERG VILLAGE,SOMERSET WEST,
RSA0;RSA1,58,LWANDLE,SOMERSET WEST,
RVA2,58,EINDHOVEN,SOMERSET WEST,
KSI6,58,NYANGA TERM,STRAND,
KSI2,58,HELDERBERG VILLAGE,NYANGA TERM,
KKF9;KKD6,58,STRAND,HARARE,
APF2;APF3,59,BOYSTOWN,NYANGA TERM,
BYA4;BYA2;BUA0;BYA1;BYA0,59,NYANGA TERM,RONDEBOSCH,
BYB6;BYB8;BYC3;BYA7;BYA8;BYB9;BYC2;BYA6,59,CLAREMONT,NYANGA TERM,
BYE4;BYE2,59,C/O NY 78 & NY 3,RONDEBOSCH,
FUA4;FUA0;FUA1;FUA2,59,CLAREMONT,RONDEBOSCH,
BYC7,59,CROSS RDS,RONDEBOSCH,
BYE6,59,BOYSTOWN,RONDEBOSCH,
BUA3,59,GUGULETU,RONDEBOSCH,
DGA0;DGA1;DGA2;DGA3;DGA4;DGA5;DGA8;DGC1;DGC6;DGC7;DGB2,60,NYANGA TERM,WYNBERG,
DGA6,60,CNR. NY 5/NY 78,WYNBERG,
KXA3;KXD2;YEC4;YEK6;YEM2,61,MAKHAZA,TOWN CENTRE,
MIC2,61,MERRYDALE AVE,TOWN CENTRE,
KCC9;KCA5;KCB7;KCA3;KCB9;KCA8;KCA2,61,CLAREMONT,MAKHAZA,
APA9;APA8,61,CLAREMONT,PHILIPPI,
MHB2;MHB9;MHC2;MHD3;MHC8;MHG0;MHG4;MHH0;MHI2;MHD2;MHB8;MHG5;MHG1;MHB1;MHJ0;MHA4;MHA2;MHH6;MHA3,61,CLAREMONT,TOWN CENTRE,
MIE3;MIE0;MIE2,61,PHILIPPI,TOWN CENTRE,
ORA0,61,PHILIPPI,TOWN CENTRE,
AFA8,62,BELLVILLE,SACKS CIRCLE,
ECA0;ECA1;ECA4;ECA5;ECA6;ECA8;ECB6;ECB3,62,BELLVILLE,NYANGA TERM,
KBA3;KBC6;KBC7;KBD3;KBJ5;KBK6;KBA2;KBJ4;KBK8;KBP7;KBP9;KBH7,62,BELLVILLE,VILLAGE 3,
KBC1;KBC2;KBF4;KBF5;KBG3;KBI9;KBL9;KBQ1;KBG2;KBH8;KBJ0;KBF2,62,BELLVILLE,HARARE,
KBJ2;KBL4,62,BELLVILLE,SITE C,
KXA8;KXA9,62,DRIFTSANDS,SITE C,
BGB4;BGA1;BGA3;BGA8,62,BELLVILLE,EINDHOVEN,
BGA0,62,BELLVILLE,SYMPHONY WAY,
AFA8,63,BELLVILLE,SACKS CIRCLE,
ECA0;ECA1;ECA4;ECA5;ECA6;ECA8;ECB6;ECB3,63,BELLVILLE,NYANGA TERM,
KBA3;KBC6;KBC7;KBD3;KBJ5;KBK6;KBA2;KBJ4;KBK8;KBP7;KBP9;KBH7,63,BELLVILLE,VILLAGE 3,
KBB3,63,BELLVILLE,ENKANINI,
KBD0;KBE8;KBE9;KBF7;KBF9;KBH4;KBI3;KBJ9;KBO1;KBO4;KBP1;KBQ2;KBL0;KBA7,63,BELLVILLE,MAKHAZA,
KBJ2;KBL4,63,BELLVILLE,SITE C,
KXA8;KXA9,63,DRIFTSANDS,SITE C,
BGB4;BGA1;BGA3;BGA8,63,BELLVILLE,EINDHOVEN,
BGA0,63,BELLVILLE,SYMPHONY WAY,
KBE6,63,BELLVILLE,MAKHAZA,SACKS CIRCLE
CAA5;CAA4,64,CLAREMONT,HANOVER PARK,
MHG6;MHE0;MHH4;MHB4;MHJ5;MHD8;MHB5,64,CLAREMONT,TAFELSIG LOST CITY,
MHA6,64,BEACON VALLEY,CLAREMONT,
ODA4,64,KENILWORTH CENTRE,TAFELSIG LOST CITY,
APK4;DKA4,65,NYANGA TERM,ST FRANCIS CENTRE,
KLA2;KLD1;KLD0,65,ST FRANCIS CENTRE,VILLAGE 3,
KLA7;KLA5,65,HARARE,LANGA,
KLB7;KLD9;KLE3;KLD8;KLF0;KLC6;KLB6;KLC8,65,LANGA,VILLAGE 3,
KLE8;KLA4,65,MAKHAZA,ST FRANCIS CENTRE,
KNA4,65,CNR. NY 108/NY 1,VILLAGE 3,
KLB5,65,HARARE,ST FRANCIS CENTRE,
DKB1,65,LANGA,NYANGA TERM,
DAL9;DAB1;DAG2;DAG3;DAI3,66,BLAAUWBERG RIDGE,KILLARNEY,
KKE9,66,CENTURY CITY,VILLAGE 3,
KKF3;KKY1;KKF2,66,CENTURY CITY,MAKHAZA,
KKH8;KKH9;KKX9;KKH3,66,CENTURY CITY,HARARE,
KKV1,66,CENTURY CITY,ENKANINI,
KKB8;KKE2;KKG2;KKB9;KKH0;KKG9;KKE5,66,KILLARNEY,MAKHAZA,
KKC1;KKZ1,66,HARARE,MONTAGUE GARDENS,
KKF0;KKZ3,66,MAKHAZA,MONTAGUE GARDENS,
KKV7,66,ENKANINI,KILLARNEY,
KKY2;KKR6,66,KILLARNEY,VILLAGE 3,
KSB4;KSD1,66,SITE C,BLOUBERGSTRAND,
KXA8;KXA9,66,DRIFTSANDS,SITE C,
MXF0;MXF1,66,KILLARNEY,KILLARNEY GARDENS,
KKG7;KKO1;KKC9;KKJ9;KKP7;KKP3;KKA5;KKA2;KKO0;KKE3;KKD1;KKU2;KKA4,66,BLAAUWBERG RIDGE,HARARE,
KKS9;KKQ3;KKQ9;KKA1;KKD5;KKP5;KKO5;KKK5;KKO4;KKH7;KKC4;KKF6;KKS8;KKQ8;KKO2;KKD0;KKE0;KKC6;KKA8;KKA0,66,BLAAUWBERG RIDGE,MAKHAZA,
KKD2;KKY8;KKD4,66,BLAAUWBERG RIDGE,ENKANINI,
KKA9;KKN8;KKB7;KKA6;KKQ4,66,HARARE,MELKBOS,
KKY7;KKE1;KKI9;KKV8;KKC5;KKY6,66,MAKHAZA,MELKBOS,
KKE7;KKE6,66,HARARE,KILLARNEY,
KKL8,66,BLAAUWBERG,MAKHAZA,
KKF9;KKD6,66,BLOUBERGSTRAND,HARARE,
KKB1,66,HARARE,KILLARNEY GARDENS,
KKC0,66,BLAAUWBERG RIDGE,MAKHAYA,
KKR8,66,KILLARNEY,SITE C,
KKX4,66,MELKBOS,SITE C,
KKM1;KKD3;KKG8,66,BLAAUWBERG RIDGE,VILLAGE 3,
FUA4;FUA0;FUA1;FUA2,67,CLAREMONT,RONDEBOSCH,
KCE0,67,HARARE,LANSDOWNE,
KCE2,67,LANSDOWNE,MAKHAZA,
KCE3,67,HARARE,KENILWORTH CENTRE,
KCE5,67,KENILWORTH CENTRE,MAKHAZA,
KCC9;KCA5;KCB7;KCA3;KCB9;KCA8;KCA2,67,CLAREMONT,MAKHAZA,
KCA1;KCF2;KCE6;KCA0,67,HARARE,RONDEBOSCH,
KCF5;KCD1;KCF4;KCD0,67,CLAREMONT,ENKANINI,
KCB3;KCB2;KCA4,67,CLAREMONT,HARARE,
KCA7;KCF1;KCC1;KCD6;KCA6,67,CLAREMONT,VILLAGE 3,
KCB1;KCB0;KCC2,67,MAKHAZA,RONDEBOSCH,
KCA9,67,CLAREMONT,SITE C,
KWA5;KWE0;KWG2;KWA4;KWG0,68,HARARE,WYNBERG,
KWA7;KWA9;KWB3;KWC7;KWC6;KWA6;KWB2,68,MAKHAZA,WYNBERG,
KWB7;KWB4;KWF3;KWB1;KWF2;KWF6;KWA8,68,VILLAGE 3,WYNBERG,
KWE3;KWG5;KWE2,68,ENKANINI,WYNBERG,
FTD4,68,PLUMSTEAD,WYNBERG,
KWF9,68,MAKHAZA,OTTERY HYPERMARKET,
KWG7,68,HARARE,OTTERY HYPERMARKET,
KWA2;KWA3,68,HARARE,PLUMSTEAD,
KWC0;KWB9,68,MAKHAZA,PLUMSTEAD,
KWA0,68,PLUMSTEAD,SITE C,
KWA1;KWB0,68,SITE C,WYNBERG,
KWC2,68,MAKHAYA,WYNBERG,
KWB8,68,J BLOCK,WYNBERG,
KXA3;KXD2;YEC4;YEK6;YEM2,69,MAKHAZA,TOWN CENTRE,
KXA4,69,HARARE,TOWN CENTRE,
YEK1,69,TOWN CENTRE,VILLAGE 3,
MNN7,70,ELECTRIC CITY,PANORAMA MEDI CLINIC,
MNK2,70,EINDHOVEN,PANORAMA MEDI CLINIC,
MNL7,70,ELECTRIC CITY,N1 CITY,
EXB4;EXC0;EXC1;EXC2,70,ELSIES RIVER,PANORAMA MEDI CLINIC,
MDC7,71,MFULENI,TYGERBERG STN,
MNA8,71,ELECTRIC CITY,MELTON ROSE STN,
MNC0;MNE8;MNN0;MNO3;MNO4;MNR9;MNY4,71,ELECTRIC CITY,KARL BREMER HOSP,
MNC1;MNB0,71,HILLCREST,KARL BREMER HOSP,
MND4;MNO0;MNP0,71,ELECTRIC CITY,TYGERBERG STN,
MNG7,71,MELTON ROSE STN,PEPCOR FACTORY,
MNI7,71,ELECTRIC CITY,TYGERBERG HOSP,
MNQ2,71,KARL BREMER HOSP,MALIBU,
MNQ4,71,KARL BREMER HOSP,MELTON ROSE STN,
MNR0;RVA0,71,KARL BREMER HOSP,MFULENI,
RUE8;RUE9,71,KUILS RIVER TERM,PEPCOR FACTORY,
MND8,71,HILLCREST,TYGERBERG HOSP,
MNG5,71,ELECTRIC CITY,PEPCOR FACTORY,
MIA4;MIB5;MIH4;MIH6,72,TAFELSIG LOST CITY,TOWN CENTRE,
MIA8;MIA9;MIB2;MIB3;MIB6;MIB7;MIB8,72,TAFELSIG LOST CITY,TOWN CENTRE,
MIC0;MIE8;MIE9;MIF2;MIF3,72,BEACON VALLEY,TOWN CENTRE,
MID5;MID8,72,ROCKLANDS,TOWN CENTRE,
MNA8,72,ELECTRIC CITY,MELTON ROSE STN,
MNE3,72,KUILS RIVER,TAFELSIG LOST CITY,
MNG2;MNG3;MNT0,72,KUILS RIVER TERM,TOWN CENTRE,
MNG7,72,MELTON ROSE STN,PEPCOR FACTORY,
MNL6,72,KUILS RIVER,TOWN CENTRE,
MVA4,72,LENTEGEUR HOSP,TAFELSIG LOST CITY,
RUE8;RUE9,72,KUILS RIVER TERM,PEPCOR FACTORY,
MNG5,72,ELECTRIC CITY,PEPCOR FACTORY,
MNN5;MNA6;MNA5;MNN4;MNO6;MNA4;MNS0,72,MELTON ROSE STN,TOWN CENTRE,
MMA0,72,ELECTRIC CITY,TOWN CENTRE,
MND7,72,EERSTE RIVER STN,TOWN CENTRE,
MND3;MNP6,72,MALIBU,TOWN CENTRE,
MNV9;MNV8,73,KOEBERG STN,WESBANK,
MNM2,73,KOEBERG STN,WEMBLEY PARK,
BLB0;BLB1;BLA3,73,EINDHOVEN,KOEBERG STN,
BLA2,73,DELFT SAPS,KOEBERG STN,
MNV1;MNV0,73,ELECTRIC CITY,KOEBERG STN,
MNM3,73,KOEBERG STN,MFULENI,
BHB0;BHA9;BHB1;BHA6;BHA7;BHA1;BHB6;BHA0;BHA4;BHB4;BHA8,74,CLAREMONT,THE HAGUE,
BHA2,74,BELHAR,CLAREMONT,
AFA8,75,BELLVILLE,SACKS CIRCLE,
BAA0,75,BELLVILLE,DURBANVILLE,
BAB1,75,BELLVILLE,TYGER VALLEY CENTRE,
FPA1;FPA5,75,BELLVILLE,KENRIDGE,
MDA0;MDB6;MDD0;MDA3;MDA4;MDA9;MDC0,75,BELLVILLE,ELECTRIC CITY,
MDA2;MDB1;MDC9;MDA6;MDB4;MDD2,75,BELLVILLE,MFULENI,
MDA7;MDA8;MDB2;MDD4,75,DURBANVILLE,MFULENI,
YER8;YEF8,75,BELLVILLE,DURBANVILLE,
MNR3;MNR2;MNN2,75,BLACKHEATH,EINDHOVEN,
MDB3,75,ELECTRIC CITY,TYGER VALLEY CENTRE,
MDB9,75,BELLVILLE,WEMBLEY PARK,
BGB4;BGA1;BGA3;BGA8,75,BELLVILLE,EINDHOVEN,
BGA5,75,EINDHOVEN,TYGER VALLEY CENTRE,
BGA0,75,BELLVILLE,SYMPHONY WAY,
BNA2,76,BELHAR,KILLARNEY GARDENS,
DAL9;DAB1;DAG2;DAG3;DAI3,76,BLAAUWBERG RIDGE,KILLARNEY,
MFA0;MFE0;MNU4,76,KILLARNEY GARDENS,MFULENI,
MFA3,76,ELECTRIC CITY,KILLARNEY GARDENS,
MFB5;MFB9;MFC0;MFA7,76,ELECTRIC CITY,KILLARNEY,
MFD0,76,BRENTWOOD PARK,KILLARNEY,
MFE2;MNF8;MFC7,76,KILLARNEY,MFULENI,
MXF0;MXF1,76,KILLARNEY,KILLARNEY GARDENS,
MFA2,76,BRENTWOOD PARK,KILLARNEY GARDENS,
MFB2,76,KILLARNEY GARDENS,WESBANK,
MFA5;MFC6;MFB4;MFB3,76,BLAAUWBERG RIDGE,MFULENI,
MFC8,76,BLAAUWBERG,MFULENI,
MFD2,76,BLAAUWBERG,ELECTRIC CITY,
BNA3;BNE3,76,BELHAR,KILLARNEY,
MFD8,76,CENTURY CITY,ELECTRIC CITY,
AAE0,77,CAPE TOWN,SOMERSET HOSP,
BTB4,77,MOWBRAY,TOLLGATE STOP,
CBA4;CBB6;CBB7;CBC1;CBC6;CBC7;CBC0,77,CAPE TOWN,HANOVER PARK,
CBB1,77,HANOVER PARK,TOLLGATE STOP,
CDA0,77,HANOVER PARK,MOWBRAY,
DXA0;DXA1,77,CAPE TOWN,MOWBRAY,
MIA4;MIB5;MIH4;MIH6,77,TAFELSIG,TOWN CENTRE,
MIA8;MIA9;MIB2;MIB3;MIB6;MIB7;MIB8,77,TAFELSIG,TOWN CENTRE,
MIC0;MIE8;MIE9;MIF2;MIF3,77,BEACON VALLEY,TOWN CENTRE,
MID5;MID8,77,ROCKLANDS,TOWN CENTRE,
OPA1;OPB7;OPK4;OPP4;OPG4;OPP8;OPA2;OPA8;OPB0;OPB2;OPM4;OPN4;OPP9;OPW2;OPR8;OPY4;OPD8;OPA0;OPE5;OPT7;OPV3;OPZ6;OPX1;OPY3;OPA3;OPH2;OPH3;OPA5;OPB1;OPB4;OPA4;OPB5,77,CAPE TOWN,TOWN CENTRE,
OPB6;OPI6;OPX4;OPG8;OPW5;OPC8;OPF1;OPG9;OPL0,77,MOWBRAY,TOWN CENTRE,
OPK6;OPL6;OPN2,77,TOLLGATE STOP,TOWN CENTRE,
OPL4,77,TAFELSIG,TOLLGATE STOP,
OPO8,77,CAPE TOWN,TAFELSIG,
OPY2;OPY0;OPJ4,77,BEACON VALLEY,CAPE TOWN,
OPY6;OPI9,77,CAPE TOWN,TAFELSIG,
MXD6;MXD7,77,GROOTE SCHUUR HOSP,ROCKLANDS,
OPF2;OPD2;OPD0,77,CAPE TOWN,KAPTEINSKLIP STN,
OPJ6,77,KAPTEINSKLIP STN,MOWBRAY,
OPM2,77,CAPE TOWN,ROCKLANDS,FREEWAY
OPD5,77,SOMERSET HOSP,TAFELSIG,
OPW3,77,CAPE TOWN,TOWN CENTRE,ROCKLANDS
OPJ0;OPI1,77,SOMERSET HOSP,TOWN CENTRE,
OLA1;OLA0;MGC2,77,HANOVER PARK,TOWN CENTRE,
OPJ2;OPX6,77,MOWBRAY,TAFELSIG,
OPU8,77,MOWBRAY,TAFELSIG,
AAE0,78,CAPE TOWN,SOMERSET HOSP,
BTB4,78,MOWBRAY,TOLLGATE STOP,
CBA4;CBB6;CBB7;CBC1;CBC6;CBC7;CBC0,78,CAPE TOWN,HANOVER PARK,
CBB1,78,HANOVER PARK,TOLLGATE STOP,
CDA0,78,HANOVER PARK,MOWBRAY,
DXA0;DXA1,78,CAPE TOWN,MOWBRAY,
MCA0;MCA1,78,MANDALAY,TOWN CENTRE,
MIA4;MIB5;MIH4;MIH6,78,TAFELSIG,TOWN CENTRE,
MIA8;MIA9;MIB2;MIB3;MIB6;MIB7;MIB8,78,TAFELSIG LOST CITY,TOWN CENTRE,
MIC0;MIE8;MIE9;MIF2;MIF3,78,BEACON VALLEY,TOWN CENTRE,
MIC2,78,MERRYDALE AVE,TOWN CENTRE,
OPA1;OPB7;OPK4;OPP4;OPG4;OPP8;OPA2;OPA8;OPB0;OPB2;OPM4;OPN4;OPP9;OPW2;OPR8;OPY4;OPD8;OPA0;OPE5;OPT7;OPV3;OPZ6;OPX1;OPY3;OPA3;OPH2;OPH3;OPA5;OPB1;OPB4;OPA4;OPB5,78,CAPE TOWN,TOWN CENTRE,
OPB6;OPI6;OPX4;OPG8;OPW5;OPC8;OPF1;OPG9;OPL0,78,MOWBRAY,TOWN CENTRE,
OPK6;OPL6;OPN2,78,TOLLGATE STOP,TOWN CENTRE,
OPL4,78,TAFELSIG LOST CITY,TOLLGATE STOP,
OPO8,78,CAPE TOWN,TAFELSIG,
OPS4;OPZ8;OPX9;OPC3,78,CAPE TOWN,MANDALAY,
OPY2;OPY0;OPJ4,78,BEACON VALLEY,CAPE TOWN,
OPY6;OPI9,78,CAPE TOWN,TAFELSIG LOST CITY,
OPN6;OPS2,78,CAPE TOWN,PORTLANDS,
OPV4;OPV6;OPM8,78,CAPE TOWN,CLOCK TOWER,
OPS0,78,CAPE TOWN,MERRYDALE AVE,
OPW7,78,SOMERSET HOSP,TOWN CENTRE,COLORADO PARK
OPD5,78,SOMERSET HOSP,TAFELSIG LOST CITY,
OPJ0;OPI1,78,SOMERSET HOSP,TOWN CENTRE,
OPV8,78,MANDALAY,V&A WATERFRONT,
OPZ3,78,BEACON VALLEY,V&A WATERFRONT,
OPL8,78,CAPE TOWN,COLORADO PARK,
OLA1;OLA0;MGC2,78,HANOVER PARK,TOWN CENTRE,
OPJ2;OPX6,78,MOWBRAY,TAFELSIG LOST CITY,
OPU8,78,MOWBRAY,TAFELSIG,
OPS4;OPZ8;OPX9;OPC3,79,CAPE TOWN,MANDALAY,
OPY2;OPY0;OPJ4,79,BEACON VALLEY,CAPE TOWN,
OPV8,79,MANDALAY,V&A WATERFRONT,
OPZ3,79,BEACON VALLEY,V&A WATERFRONT,
OPL8,79,CAPE TOWN,COLORADO PARK,
AAE0,80,CAPE TOWN,SOMERSET HOSP,
BTB4,80,MOWBRAY,TOLLGATE STOP,
DHB2;DHB3;OPN1,80,CAPE TOWN,LOTUS RIVER,
DXA0;DXA1,80,CAPE TOWN,MOWBRAY,
OPN0,80,CAPE TOWN,STRANDFONTEIN VILL,
OPT1;OPT0,80,BAYVIEW,SOMERSET HOSP,
OPQ4;OPG6,80,BAYVIEW,TOLLGATE STOP,
OPR7;OPQ6;OPY8;OPB3;OPR4;OPR6,80,BAYVIEW,CAPE TOWN,
OOB3,80,LOTUS RIVER,STRANDFONTEIN VILL,
MIA4;MIB5;MIH4;MIH6,81,TAFELSIG LOST CITY,TOWN CENTRE,
MIA8;MIA9;MIB2;MIB3;MIB6;MIB7;MIB8,81,TAFELSIG LOST CITY,TOWN CENTRE,
MIC4;OMA0;OMA1,81,EASTRIDGE,TOWN CENTRE,
MID5;MID8,81,ROCKLANDS,TOWN CENTRE,
ODA1;ODA3,81,KENILWORTH CENTRE,TOWN CENTRE,
CAA5;CAA4,81,CLAREMONT,HANOVER PARK,
MHB2;MHB9;MHC2;MHD3;MHC8;MHG0;MHG4;MHH0;MHI2;MHD2;MHB8;MHG5;MHG1;MHB1;MHJ0;MHA4;MHA2;MHH6;MHA3,81,CLAREMONT,TOWN CENTRE,
MHG6;MHE0;MHH4;MHB4;MHJ5;MHD8;MHB5,81,CLAREMONT,TAFELSIG LOST CITY,
MHE4,81,CLAREMONT,WESPOORT,
ODA4,81,KENILWORTH CENTRE,TAFELSIG LOST CITY,
MHD4,81,CLAREMONT,LEAGUES,
MIB1,81,LEAGUES,TOWN CENTRE,
OLA1;OLA0;MGC2,81,HANOVER PARK,TOWN CENTRE,
MHC1,81,CLAREMONT,TOWN CENTRE,ROCKLANDS
MIC2,82,MERRYDALE AVE,TOWN CENTRE,
ODA1;ODA3,82,KENILWORTH CENTRE,TOWN CENTRE,
CAA5;CAA4,82,CLAREMONT,HANOVER PARK,
MHB2;MHB9;MHC2;MHD3;MHC8;MHG0;MHG4;MHH0;MHI2;MHD2;MHB8;MHG5;MHG1;MHB1;MHJ0;MHA4;MHA2;MHH6;MHA3,82,CLAREMONT,TOWN CENTRE,
MHF2,82,CLAREMONT,TOWN CENTRE,KENILWORTH CENTRE;MERRYDALE AVE;TURFHALL RD
MHD4,82,CLAREMONT,LEAGUES,
MIB1,82,LEAGUES,TOWN CENTRE,
OLA1;OLA0;MGC2,82,HANOVER PARK,TOWN CENTRE,
APB2;EGE7;KMH1;EGE6;KMH0;APC1,83,CAPE TOWN,PHILIPPI EAST SAP,
CBA4;CBB6;CBB7;CBC1;CBC6;CBC7;CBC0,83,CAPE TOWN,HANOVER PARK,
MIA4;MIB5;MIH4;MIH6,83,TAFELSIG LOST CITY,TOWN CENTRE,
MIA8;MIA9;MIB2;MIB3;MIB6;MIB7;MIB8,83,TAFELSIG LOST CITY,TOWN CENTRE,
MIC0;MIE8;MIE9;MIF2;MIF3,83,BEACON VALLEY,TOWN CENTRE,
MJE0;MJE8;MJE6;MHB7,83,GATTIS FACTORY,TOWN CENTRE,
ODA1;ODA3,83,KENILWORTH CENTRE,TOWN CENTRE,
OPA1;OPB7;OPK4;OPP4;OPG4;OPP8;OPA2;OPA8;OPB0;OPB2;OPM4;OPN4;OPP9;OPW2;OPR8;OPY4;OPD8;OPA0;OPE5;OPT7;OPV3;OPZ6;OPX1;OPY3;OPA3;OPH2;OPH3;OPA5;OPB1;OPB4;OPA4;OPB5,83,CAPE TOWN,TOWN CENTRE,
OPO8,83,CAPE TOWN,TAFELSIG LOST CITY,
OPY2;OPY0;OPJ4,83,BEACON VALLEY,CAPE TOWN,
OPY6;OPI9,83,CAPE TOWN,TAFELSIG LOST CITY,
ODA4,83,KENILWORTH CENTRE,TAFELSIG LOST CITY,
MIE3;MIE0;MIE2,83,PHILIPPI EAST SAP,TOWN CENTRE,
OLA1;OLA0;MGC2,83,HANOVER PARK,TOWN CENTRE,
EGA4;EGC1;EGC6;EGC8;EGA0;EGA5;EGC0;EGC7;EGC9;EGE0;EGE2;EGE4;EGE5;EGE8;EGF0;EGF2;EGH6;EGH8;EGI0;EGI3,84,CAPE TOWN,NYANGA TERM,
AFA8,85,BELLVILLE,SACKS CIRCLE,
BAA0,85,BELLVILLE,DURBANVILLE,
BAB1,85,BELLVILLE,TYGER VALLEY CENTRE,
CRA0;CRA1;CRA7,85,BELLVILLE,HANOVER PARK,
CRA5,85,DURBANVILLE,HANOVER PARK,
MBA7;MBC0;MBD0;MBJ0;MBJ2;MBA8;MBD5,85,BELLVILLE,TOWN CENTRE,
MBC4;MBC7;MBC8;MBF2;MBI6;MBL0;MBF0;MBG6;MBC5,85,TOWN CENTRE,TYGER VALLEY CENTRE,
MBD8;MBH1;MBI5,85,TAFELSIG LOST CITY,TYGER VALLEY CENTRE,
MBJ6;MBL1,85,BELLVILLE,TAFELSIG LOST CITY,
MIA4;MIB5;MIH4;MIH6,85,TAFELSIG LOST CITY,TOWN CENTRE,
MIA8;MIA9;MIB2;MIB3;MIB6;MIB7;MIB8,85,TAFELSIG LOST CITY,TOWN CENTRE,
MIC0;MIE8;MIE9;MIF2;MIF3,85,BEACON VALLEY,TOWN CENTRE,
MIC2,85,MERRYDALE AVE,TOWN CENTRE,
MID5;MID8,85,ROCKLANDS,TOWN CENTRE,
YER8;YEF8,85,BELLVILLE,DURBANVILLE,
MBA1;MBA0,85,BELLVILLE,STRANDFONTEIN,
OOB4,85,STRANDFONTEIN VILL,TOWN CENTRE,
MBB2,85,BELLVILLE,STRANDFONTEIN VILL,
MBE4,85,STRANDFONTEIN VILL,TYGER VALLEY CENTRE,
OLA1;OLA0;MGC2,85,HANOVER PARK,TOWN CENTRE,
LCA2;LCA3,86,SEA FORTH,SIMONSTOWN,
MIA4;MIB5;MIH4;MIH6,86,TAFELSIG LOST CITY,TOWN CENTRE,
MIA8;MIA9;MIB2;MIB3;MIB6;MIB7;MIB8,86,TAFELSIG LOST CITY,TOWN CENTRE,
MIC2,86,MERRYDALE AVE,TOWN CENTRE,
MID5;MID8,86,ROCKLANDS,TOWN CENTRE,
LCD2,86,MURDOCH VALLEY,SEA FORTH,
LCA0;LCA1,86,MURDOCH VALLEY,SIMONSTOWN,
LCG5,86,MURDOCH VALLEY,SEA FORTH,
LCC2;LCC3;LSB6,86,FISH HOEK,MURDOCH VALLEY,
LCC5;LCC4,86,FISH HOEK,SEA FORTH,
LAF6;LAF7,86,FISH HOEK,MUIZENBERG,
MKA6;MKA1;MKA9;MKA0;MKA8;MKA4,86,SIMONSTOWN,TOWN CENTRE,
OOC3;OOG5;OOG4,86,MUIZENBERG,TOWN CENTRE,
MKC3,86,MURDOCH VALLEY,TAFELSIG LOST CITY,
MKB6;MKB8;MKA7,86,MURDOCH VALLEY,TOWN CENTRE,
OOB4,86,STRANDFONTEIN VILL,TOWN CENTRE,
MKA3;MKA2,86,SEA FORTH,TOWN CENTRE,
MIA4;MIB5;MIH4;MIH6,87,TAFELSIG LOST CITY,TOWN CENTRE,
MIA8;MIA9;MIB2;MIB3;MIB6;MIB7;MIB8,87,TAFELSIG LOST CITY,TOWN CENTRE,
OOK5,87,DIEP RIVER,TAFELSIG LOST CITY,
OOK6;OOC9;OOM1;OOC8,87,DIEP RIVER,TOWN CENTRE,
OOD3;OOG0;OOD2,87,PLUMSTEAD,TOWN CENTRE,
OOB4,87,STRANDFONTEIN VILL,TOWN CENTRE,
OOK4,87,DIEP RIVER,TOWN CENTRE,LOTUS RIVER
OOB3,87,LOTUS RIVER,STRANDFONTEIN VILL,
MIA4;MIB5;MIH4;MIH6,89,TAFELSIG LOST CITY,TOWN CENTRE,
MIA8;MIA9;MIB2;MIB3;MIB6;MIB7;MIB8,89,TAFELSIG LOST CITY,TOWN CENTRE,
MIC0;MIE8;MIE9;MIF2;MIF3,89,BEACON VALLEY,TOWN CENTRE,
MIC2,89,MERRYDALE AVE,TOWN CENTRE,
MID5;MID8,89,ROCKLANDS,TOWN CENTRE,
YEG0,89,RETREAT,WYNBERG,
YEH2;YEH4,89,RETREAT,WYNBERG,
DXA8,89,RETREAT,WYNBERG,
FRB1,89,STEENBERG,WYNBERG,
OOB0,89,LOTUS RIVER,WYNBERG,
OOB6;OOA5;OOI1;OOE5;OOA1;OOA0;OOD4;OOJ1;OOB7;OOI8,89,TOWN CENTRE,WYNBERG,
OOJ3;OOB9;OOF0;OOK0;OOB8,89,RETREAT,TOWN CENTRE,
OOB4,89,STRANDFONTEIN VILL,TOWN CENTRE,
OOD5,89,TOWN CENTRE,WYNBERG,MONTAGUS GIFT
OOB3,89,LOTUS RIVER,STRANDFONTEIN VILL,
MXF5;MXP5,89,EPPING IND,STRANDFONTEIN VILL,
OOK2,89,OTTERY HYPERMARKET,TAFELSIG LOST CITY,
MXD1;MCA5,89,EPPING IND,TOWN CENTRE,
MXK9;MXK8,89,EPPING IND,TAFELSIG LOST CITY,
OOE8;OOE0;OOI2,89,TAFELSIG LOST CITY,WYNBERG,
OOH8,89,TAFELSIG LOST CITY,WYNBERG,MERRYDALE AVE
COF0,89,EPPING IND,STEENBERG,
MIA4;MIB5;MIH4;MIH6,90,TAFELSIG,TOWN CENTRE,
MIA8;MIA9;MIB2;MIB3;MIB6;MIB7;MIB8,90,TAFELSIG,TOWN CENTRE,
MIC0;MIE8;MIE9;MIF2;MIF3,90,BEACON VALLEY,TOWN CENTRE,
MVA4,90,LENTEGEUR HOSP,TAFELSIG,
DAL9;DAB1;DAG2;DAG3;DAI3,91,BLAAUWBERG,KILLARNEY,
MIA4;MIB5;MIH4;MIH6,91,TAFELSIG LOST CITY,TOWN CENTRE,
MIA8;MIA9;MIB2;MIB3;MIB6;MIB7;MIB8,91,TAFELSIG LOST CITY,TOWN CENTRE,
MIC0;MIE8;MIE9;MIF2;MIF3,91,BEACON VALLEY,TOWN CENTRE,
MIC4;OMA0;OMA1,91,EASTRIDGE,TOWN CENTRE,
MID5;MID8,91,ROCKLANDS,TOWN CENTRE,
MXA3;MXA5;MXF8;MXA8;MXE4,91,KILLARNEY GARDENS,TOWN CENTRE,
MXF0;MXF1,91,KILLARNEY,KILLARNEY GARDENS,
MXS5;MXB0;MXI4;MXJ2,91,KILLARNEY GARDENS,TAFELSIG LOST CITY,
MKO2;MXS7;MXM1;MXJ6,91,KILLARNEY,TOWN CENTRE,
MXA9;MXH7,91,BLAAUWBERG,TOWN CENTRE,
MXL9;MXM3,91,MONTAGUE GARDENS,TOWN CENTRE,
MXL6,91,MONTAGUE GARDENS,TAFELSIG LOST CITY,
MXA2,91,KILLARNEY,WESPOORT,
MXI0,91,KILLARNEY GARDENS,TOWN CENTRE,ROCKLANDS
MXM4,91,KILLARNEY GARDENS,WESPOORT,
MXL4,91,KAPTEINSKLIP STN,KILLARNEY GARDENS,
MXK4,91,EASTRIDGE,KILLARNEY GARDENS,
MXR6,91,KILLARNEY,TAFELSIG LOST CITY,
MIA4;MIB5;MIH4;MIH6,92,TAFELSIG,TOWN CENTRE,
MIA8;MIA9;MIB2;MIB3;MIB6;MIB7;MIB8,92,TAFELSIG LOST CITY,TOWN CENTRE,
MIC0;MIE8;MIE9;MIF2;MIF3,92,BEACON VALLEY,TOWN CENTRE,
MID5;MID8,92,ROCKLANDS,TOWN CENTRE,
MXB7;MXC1;MXD5;MXB5,92,KOEBERG STN,TOWN CENTRE,
MXB9;MXR8,92,KOEBERG STN,TAFELSIG LOST CITY,
MXB8;OPA6,92,BEACON VALLEY,KOEBERG STN,
MXB3,92,KOEBERG STN,ROCKLANDS,
MXH4,92,MAITLAND,TAFELSIG,
BPA0;BPA6,93,EPPING IND,HANOVER PARK,
MIA4;MIB5;MIH4;MIH6,93,TAFELSIG LOST CITY,TOWN CENTRE,
MIA8;MIA9;MIB2;MIB3;MIB6;MIB7;MIB8,93,TAFELSIG LOST CITY,TOWN CENTRE,
MIC0;MIE8;MIE9;MIF2;MIF3,93,BEACON VALLEY,TOWN CENTRE,
MIC2,93,MERRYDALE AVE,TOWN CENTRE,
MID5;MID8,93,ROCKLANDS,TOWN CENTRE,
OOB4,93,STRANDFONTEIN VILL,TOWN CENTRE,
MXF5;MXP5,93,EPPING IND,STRANDFONTEIN VILL,
TAA8,93,BEACON VALLEY,MULTIMECH,
TAB2,93,MULTIMECH,STRANDFONTEIN VILL,
YED8,93,BEACON VALLEY,OUDE MOLEN SCH,
MXB6,93,BEACON VALLEY,MUTUAL,
MXA1;MXI9;MXO2;MXI8,93,NDABENI STN,TOWN CENTRE,
MXC9;MXJ8,93,NDABENI STN,TAFELSIG LOST CITY,
MXD1;MCA5,93,EPPING IND,TOWN CENTRE,
MXK9;MXK8,93,EPPING IND,TAFELSIG LOST CITY,
OLA1;OLA0;MGC2,93,HANOVER PARK,TOWN CENTRE,
MXB2;MXE0,93,NDABENI STN,STRANDFONTEIN VILL,
MXL0,93,MUTUAL,TAFELSIG LOST CITY,
MXE5,93,NDABENI STN,WESPOORT TERM,
KBO5;KBT1;KBG5;KBP3;KBG4;KBO7;KBD9,94,AIRPORT IND 1,TOWN CENTRE,
MIC0;MIE8;MIE9;MIF2;MIF3,94,BEACON VALLEY,TOWN CENTRE,
MIC8;MID0;MID2,94,TOWN CENTRE,WESTRIDGE,
MID5;MID8,94,ROCKLANDS,TOWN CENTRE,
KBP2,94,AIRPORT IND 2,TOWN CENTRE,
MID5;MID8,96,ROCKLANDS,TOWN CENTRE,
MNV4;MNR5;MNL5;MNL4;MNR4,96,THE HAGUE,TOWN CENTRE,
APD7;APD6,97,NYANGA TERM,PHILIPPI EAST SAP,
EMA4;EMA2,97,EPPING IND,NYANGA TERM,
KIA0;KIB5;KIA3,97,EPPING IND,MAKHAZA,
KIA4,97,PINELANDS,VILLAGE 3,
KIA7;KIA6;KIA1,97,EPPING IND,VILLAGE 3,
KIB3;KIB6,97,EPPING IND,HARARE,
KKI1;KKJ5;KKH4;KKI0,97,HARARE,METRO,
EMA1,97,MUTUAL,NYANGA TERM,
KIA2,97,NDABENI STN,VILLAGE 3,
AAE0,98,CAPE TOWN,SOMERSET HOSP,
MNB6;MNA3;MNE2;MNF9;MNI2;MNL3;MNM6;MNT8;MNP7;MNQ1,98,CAPE TOWN,MFULENI,
MNZ4;MNP4;MNF2,98,CAPE TOWN,MALIBU,
DXA0;DXA1,98,CAPE TOWN,MOWBRAY,
MNA7,98,ELECTRIC CITY,V&A WATERFRONT,
MNA8,98,ELECTRIC CITY,MELTON ROSE STN,
MNB4,98,CAPE TOWN,HILLCREST,
MNB5;MNE5;MNK5;MNA9;MNR8,98,ELECTRIC CITY,SOMERSET HOSP,
MNC2;MNJ1,98,BLACKHEATH,CAPE TOWN,
MND6;MNF0;MNJ5;MNL2;MNX9;MNY8;MNN9;MNC6;MNE4;MNH3;MNJ7,98,CAPE TOWN,ELECTRIC CITY,
MNH2;MNO9,98,CAPE TOWN,WESBANK,
MNI1,98,CAPE TOWN,KLEINVLEI,
MNL0;MNL8;MNL1;MNF1,98,ELECTRIC CITY,GROOTE SCHUUR HOSP,
MNR6,98,CAPE TOWN,WEMBLEY PARK,
MNW0;MNC3,98,CAPE TOWN,KUILS RIVER TERM,
MNZ3;MNA0,98,ELECTRIC CITY,MOWBRAY,
MNG8,98,CAPE TOWN,MELTON ROSE STN,
DZA6;DZA3,98,CAPE TOWN,WESBANK,
AFA8,99,BELLVILLE,SACKS CIRCLE,
BAB1,99,BELLVILLE,TYGER VALLEY CENTRE,
BGB4;BGA1;BGA3;BGA8,99,BELLVILLE,EINDHOVEN,
BGA5,99,EINDHOVEN,TYGER VALLEY CENTRE,
BGA0,99,BELLVILLE,SYMPHONY WAY,
CHC3,102,HANOVER PARK,KOEBERG RD,
ESA6;ESA5,102,HANOVER PARK,METRO,
AKA6;AKA8,103,BONTEHEUWEL,KOEBERG STN,
AKA9,103,HEIDEVELD,KOEBERG STN,
YED3,103,BONTEHEUWEL,OUDE MOLEN SCH,
YED7,103,KOEBERG STN,OUDE MOLEN SCH,
AKA0,103,BONTEHEUWEL,NDABENI STN,
APD7;APD6,104,NYANGA TERM,PHILIPPI EAST SAP,
API3,104,CENTURY CITY,PHILIPPI EAST SAP,
DAL9;DAB1;DAG2;DAG3;DAI3,104,BLAAUWBERG RIDGE,KILLARNEY,
DTA7;DTB6;DTH4;DTM2;DTB7;DTA5;DTB3;DTA6,104,KILLARNEY,NYANGA TERM,
MXF0;MXF1,104,KILLARNEY,KILLARNEY,
QTB3,104,KOEBERG STN,MELKBOS,
DTJ1;DTG7;DTL1;DTM0;DTB0;DTL0;DTL4;DTG6;DTJ2,104,BLAAUWBERG RIDGE,NYANGA TERM,
APA5;APC7;APA3;APE8,104,BLAAUWBERG RIDGE,PHILIPPI EAST SAP,
DTL9;DTL8,104,KOEBERG STN,PHILIPPI EAST SAP,
DTL3;DTK7;DTL2,104,MELKBOS,PHILIPPI EAST SAP,
APD0;APE7,104,KILLARNEY,PHILIPPI EAST SAP,
MXH3,104,KILLARNEY,PHILIPPI EAST SAP,
DTK4,104,MELKBOS,NYANGA TERM,
BAA0,105,BELLVILLE,DURBANVILLE,
DAL9;DAB1;DAG2;DAG3;DAI3,105,BLAAUWBERG RIDGE,KILLARNEY,
DZA5;DZA4,105,DURBANVILLE,KILLARNEY,
MXF0;MXF1,105,KILLARNEY,KILLARNEY GARDENS,
YER8;YEF8,105,BELLVILLE,DURBANVILLE,
PAF2;PAB4;PAY3,105,ATLANTIS,MONTAGUE GARDENS,
PAK7;PAR7;PAA5,105,ATLANTIS,KILLARNEY,
PAG8;PAB7,105,ATLANTIS,BELLVILLE,
DZA7,105,BELLVILLE,BLAAUWBERG RIDGE,
DZC5;DZA9,105,BELLVILLE,KILLARNEY,
BPA0;BPA6,106,EPPING IND,HANOVER PARK,
MXF0;MXF1,107,KILLARNEY,KILLARNEY,
DYH6;DYH7,107,EPPING IND,MAMRE (PARADISE RD),
PAE9,107,EPPING IND,SAXONSEA,
PAF2;PAB4;PAY3,107,ATLANTIS,MONTAGUE GARDENS,
DYA6,107,MAMRE (PARADISE RD),MONTAGUE GARDENS,
PAK7;PAR7;PAA5,107,ATLANTIS,KILLARNEY,
QSD4,107,CHATSWORTH,MONTAGUE GARDENS,
DYF4,107,KILLARNEY,MAMRE (PARADISE RD),
DAL9;DAB1;DAG2;DAG3;DAI3,108,BLAAUWBERG RIDGE,KILLARNEY,
MXF0;MXF1,108,KILLARNEY,KILLARNEY,
DTD2;DTB8,108,BLAAUWBERG RIDGE,LANGA N2 GATEWAY,
DTA1,108,BLAAUWBERG RIDGE,LANGA N2 GATEWAY,
RRB9,109,BLACKHEATH IND,SOMERSET WEST,
MNR3;MNR2;MNN2,109,BLACKHEATH IND,EINDHOVEN,
RVA2,109,EINDHOVEN,SOMERSET WEST,
KXA3;KXD2;YEC4;YEK6;YEM2,110,MAKHAZA,TOWN CENTRE,
YEK1,110,TOWN CENTRE,VILLAGE 3,
YEK3;YEK4;YEK8;YEK9;YEK7;YEK5;YEK2,110,SITE C,TOWN CENTRE,
MNE0;MNC9,112,EPPING IND,MFULENI,
BLA9;BLA4;BLA5;BLA6,112,EINDHOVEN,EPPING IND,
BLB3,112,EPPING IND,SYMPHONY WAY,
MND0,112,EPPING IND,MALIBU,
ADB0,113,BISHOP LAVIS,CAPE TOWN,
DXA0;DXA1,113,CAPE TOWN,MOWBRAY,
FWA6;FWA7,113,CAPE TOWN,MONTE VIDEO,
BQA2;BQA4;BQB0;BQB1;BQA9,113,ELSIES RIVER,MOWBRAY,
ADB3;ADB2;ADD2;ADA6;ADA5;ADD3;ADA2;ADA7,113,CAPE TOWN,ELSIES RIVER,
FHB8;FHB9,114,EPPING IND,TYGERBERG HOSP,
FUA4;FUA0;FUA1;FUA2,115,CLAREMONT,RONDEBOSCH,
CQA0;CQA1;CQA5,116,HANOVER PARK,TYGERBERG HOSP,
CQA2;CQA4;CQA6;CQA7;FHA1;FHB0;FHB1;CSC1,116,HANOVER PARK,TYGERBERG STN,
CSA3,116,BONTEHEUWEL,HANOVER PARK,
FHC0,116,BONTEHEUWEL,TYGERBERG HOSP,
FHC4,116,BISHOP LAVIS,TYGERBERG STN,
CSB4;CSB5;CSA0,116,ELSIES RIVER,HANOVER PARK,
FHA8;FHA9;AMC7;FHA3;AMC0,116,BISHOP LAVIS,TYGERBERG HOSP,
FHC2,116,BONTEHEUWEL,TYGERBERG STN,
OPL8,119,CAPE TOWN,COLORADO PARK,
OPQ8;OPD6,119,CAPE TOWN,LEAGUES,
AEB2,120,AIRPORT IND 3,CAPE TOWN,
AJA0,120,BONTEHEUWEL,MOWBRAY,
AJA3;AJA4;AJA5;AJB3;AJB6;AJC2;AJA8,120,BONTEHEUWEL,CAPE TOWN,
DXA0;DXA1,120,CAPE TOWN,MOWBRAY,
KBA1,120,AIRPORT IND 2,LANGA N2 GATEWAY,
AEB3,120,AIRPORT IND 1;AIRPORT IND 2;AIRPORT IND 3,CAPE TOWN,BONTEHEUWEL;LANGA;MOWBRAY
MHH3;MHA7;MHI5;MHH2;MHA0;MHE6,121,BAYVIEW,CLAREMONT,
APC9,122,PHILIPPI EAST SAP,VREDEKLOOF,
APD7;APD6,122,NYANGA TERM,PHILIPPI EAST SAP,
APF4,122,NYANGA TERM,VREDEKLOOF,
APG2;APG3,122,ESCOM (BRACKENFELL),NYANGA TERM,
KBA6;KBF0;KBI0;KBM4;KBM7;KBQ3;KBH2,122,MAKHAZA,VREDEKLOOF,
KBB4,122,MAKHAYA,VREDEKLOOF,
KBD4;KBM3;KBQ5,122,VILLAGE 3,VREDEKLOOF,
KBI1,122,KRAAIFONTEIN IND,MAKHAZA,
KBK4;KBK9,122,HARARE,KRAAIFONTEIN IND,
KBL2,122,MAKHAZA,SPEKENAM,
KBM6,122,ENKANINI,VREDEKLOOF,
KBN2;KBR9;KBT7;KBM9,122,HARARE,VREDEKLOOF,
KBL5,122,CAPE GATE,MAKHAZA,
APH1,122,PHILIPPI EAST SAP,SPEKENAM,
CQA0;CQA1;CQA5,123,HANOVER PARK,TYGERBERG HOSP,
CQA2;CQA4;CQA6;CQA7;FHA1;FHB0;FHB1;CSC1,123,HANOVER PARK,TYGERBERG STN,
MBA3;MBB6;MBG8;MBK6;MBM0,123,TOWN CENTRE,TYGERBERG HOSP,
MBA4;MBA5;MBA6;MBA9;MBG0;MBG4;MBH7;MBK7;MBL4,123,TOWN CENTRE,TYGERBERG STN,
MBC2,123,PAROW IND,TOWN CENTRE,
MBE0,123,TAFELSIG LOST CITY,TYGERBERG STN,
MBH2;MBH3;MBI1,123,JORDAN SHOES,TOWN CENTRE,
MBH9,123,JORDAN SHOES,TAFELSIG LOST CITY,
MIA4;MIB5;MIH4;MIH6,123,TAFELSIG LOST CITY,TOWN CENTRE,
MIA8;MIA9;MIB2;MIB3;MIB6;MIB7;MIB8,123,TAFELSIG LOST CITY,TOWN CENTRE,
MIC0;MIE8;MIE9;MIF2;MIF3,123,BEACON VALLEY,TOWN CENTRE,
MIC4;OMA0;OMA1,123,EASTRIDGE,TOWN CENTRE,
MID5;MID8,123,ROCKLANDS,TOWN CENTRE,
OOB4,123,STRANDFONTEIN VILL,TOWN CENTRE,
MBB4,123,STRANDFONTEIN VILL,TYGERBERG STN,
MXB7;MXC1;MXD5;MXB5,123,KOEBERG STN,TOWN CENTRE,
MXB9;MXR8,123,KOEBERG STN,TAFELSIG LOST CITY,
MXB8;OPA6,123,BEACON VALLEY,KOEBERG STN,
MBK1,123,BEACON VALLEY,TYGERBERG HOSP,
OLA1;OLA0;MGC2,123,HANOVER PARK,TOWN CENTRE,
MXB3,123,KOEBERG STN,ROCKLANDS,
MIA4;MIB5;MIH4;MIH6,124,TAFELSIG LOST CITY,TOWN CENTRE,
MIA8;MIA9;MIB2;MIB3;MIB6;MIB7;MIB8,124,TAFELSIG LOST CITY,TOWN CENTRE,
MIC2,124,MERRYDALE AVE,TOWN CENTRE,
MVA4,124,LENTEGEUR HOSP,TAFELSIG LOST CITY,
MVC1;MVC1,124,BLUE ROUTE CENTRE,LENTEGEUR HOSP,
FQA0,124,BLUE ROUTE CENTRE,POLLSMOOR PRISON,
FQB5,124,BLUE ROUTE CENTRE,RETREAT,
OOE6;OOF3;OOL2;OOH4;OOH5;OOH0;OOF6;OOM2;OOF2,124,BLUE ROUTE CENTRE,TOWN CENTRE,
MVB2,124,LENTEGEUR HOSP,POLLSMOOR PRISON,
OOJ3;OOB9;OOF0;OOK0;OOB8,124,RETREAT,TOWN CENTRE,
OOB4,124,STRANDFONTEIN VILL,TOWN CENTRE,
MVA9;MVA8,124,LENTEGEUR HOSP,RETREAT,
OOK8;OOM5,124,BLUE ROUTE CENTRE,TAFELSIG LOST CITY,
OOJ8,124,POLLSMOOR PRISON,TOWN CENTRE,
OOB3,124,LOTUS RIVER,STRANDFONTEIN VILL,
MXF5;MXP5,124,EPPING IND,STRANDFONTEIN VILL,
MXD1;MCA5,124,EPPING IND,TOWN CENTRE,
MXK9;MXK8,124,EPPING IND,TAFELSIG LOST CITY,
MIC8;MID0;MID2,125,TOWN CENTRE,WESTRIDGE,
MID5;MID8,125,ROCKLANDS,TOWN CENTRE,
BAA0,126,BELLVILLE,DURBANVILLE,
YER8;YEF8,126,BELLVILLE,DURBANVILLE,
LCA0;LCA1,127,MURDOCH VALLEY,SIMONSTOWN,
RVA1;RVL3,127,BRENTWOOD PARK,MURDOCH VALLEY,
RVI7;RVI6,127,KUILS RIVER TERM,MURDOCH VALLEY,
MIA4;MIB5;MIH4;MIH6,128,TAFELSIG LOST CITY,TOWN CENTRE,
MIA8;MIA9;MIB2;MIB3;MIB6;MIB7;MIB8,128,TAFELSIG LOST CITY,TOWN CENTRE,
MIC0;MIE8;MIE9;MIF2;MIF3,128,BEACON VALLEY,TOWN CENTRE,
OOB4,128,STRANDFONTEIN VILL,TOWN CENTRE,
MXG0;MXK3;MXE3,128,N1 CITY,TOWN CENTRE,
MXG3,128,N1 CITY,STRANDFONTEIN VILL,
MXK1;MXR0,128,N1 CITY,TAFELSIG LOST CITY,
MXG2,128,BEACON VALLEY,N1 CITY,
EXB4;EXC0;EXC1;EXC2,128,ELSIES RIVER,PANORAMA MEDI CLINIC,
MNS1;MNS4,129,AIRPORT IND 1,MFULENI,
MNX2,129,AIRPORT IND 1,ELECTRIC CITY,
MNX3,129,AIRPORT IND 2,ELECTRIC CITY,
MNR3;MNR2;MNN2,129,BLACKHEATH,EINDHOVEN,
MNW6,129,AIRPORT IND 3,EINDHOVEN,
MNW7,129,AIRPORT IND 2,EINDHOVEN,
MNE0;MNC9,130,EPPING IND,MFULENI,
MNB2,130,BLACKHEATH,EPPING IND,
MNU2;MNC8,130,ELECTRIC CITY,EPPING IND,
MND0,130,EPPING IND,MALIBU,
BHB0;BHA9;BHB1;BHA6;BHA7;BHA1;BHB6;BHA0;BHA4;BHB4;BHA8,131,CLAREMONT,THE HAGUE,
MEB4;MEB2;MEC3;MEC4;MEA4;MEB8,131,CLAREMONT,ELECTRIC CITY,
MEB3;MEB5;MEC0,131,CLAREMONT,MFULENI,
BHA3,131,CLAREMONT,WESBANK,
MEB6,131,CLAREMONT,SILVERSANDS,
APB7;APH3;APE2;APB6;APD8,132,PHILIPPI EAST SAP,WYNBERG,
KWD2;KWD8;KWE6;KWE9;KWD9;KWD3,132,HOUT BAY HARBOUR,WYNBERG,
APE5;APB8;APE4,132,HOUT BAY HARBOUR,PHILIPPI EAST SAP,
AFA8,133,BELLVILLE,SACKS CIRCLE,
APA7;APC5;APH9,133,DURBANVILLE,PHILIPPI EAST SAP,
APC9,133,PHILIPPI EAST SAP,VREDEKLOOF,
APD3;APE9;APF8;APD2;APC2;APE0;APC3;APD5;APA1,133,BELLVILLE,PHILIPPI EAST SAP,
APD7;APD6,133,NYANGA TERM,PHILIPPI EAST SAP,
APF2;APF3,133,BOYSTOWN,NYANGA TERM,
APF4,133,NYANGA TERM,VREDEKLOOF,
BAA0,133,BELLVILLE,DURBANVILLE,
BAB1,133,BELLVILLE,TYGER VALLEY CENTRE,
ECA0;ECA1;ECA4;ECA5;ECA6;ECA8;ECB6;ECB3,133,BELLVILLE,NYANGA TERM,
ECA3;ECD7;ECF8,133,DURBANVILLE,NYANGA TERM,
ECC1;ECF7,133,PHILIPPI EAST SAP,TYGER VALLEY CENTRE,
ECC7,133,NYANGA TERM,TYGER VALLEY CENTRE,
YER8;YEF8,133,BELLVILLE,DURBANVILLE,
DAA0;DAA1;DAA8;DAA9;DAI5;DAL2;DAL6;DAC2,134,CAPE TOWN,KILLARNEY,
DAB2;DAB3,134,CAPE TOWN,MONTAGUE GARDENS,
DAK8;DAL0,134,CAPE TOWN,KILLARNEY,
MXF0;MXF1,134,KILLARNEY,KILLARNEY,
PAF2;PAB4;PAY3,134,ATLANTIS,MONTAGUE GARDENS,
PAK7;PAR7;PAA5,134,ATLANTIS,KILLARNEY,
QSG2;QSB0;QSA0;QSD1;QSA6;QSA4;QSA5;QSD2,134,CAPE TOWN,CHATSWORTH,
QSD4,134,CHATSWORTH,MONTAGUE GARDENS,
DAA0;DAA1;DAA8;DAA9;DAI5;DAL2;DAL6;DAC2,135,CAPE TOWN,KILLARNEY,
DAK8;DAL0,135,CAPE TOWN,KILLARNEY,
MXF0;MXF1,135,KILLARNEY,KILLARNEY,
PAE5;PAE6,135,CAPE TOWN,SAXONSEA,
PAK7;PAR7;PAA5,135,ATLANTIS,KILLARNEY,
QSG2;QSB0;QSA0;QSD1;QSA6;QSA4;QSA5;QSD2,135,CAPE TOWN,CHATSWORTH,
DZB8;DZD0;DZB7;DZB5;DZD1;DZB9,135,CAPE TOWN,MALMESBURY,
CSA3,136,BONTEHEUWEL,HANOVER PARK,
CTA0,136,EINDHOVEN,HANOVER PARK,
APB2;EGE7;KMH1;EGE6;KMH0;APC1,137,CAPE TOWN,PHILIPPI EAST SAP,
APD7;APD6,137,NYANGA TERM,PHILIPPI EAST SAP,
APD9;APJ8,137,MOWBRAY,PHILIPPI EAST SAP,
EGA4;EGC1;EGC6;EGC8;EGA0;EGA5;EGC0;EGC7;EGC9;EGE0;EGE2;EGE4;EGE5;EGE8;EGF0;EGF2;EGH6;EGH8;EGI0;EGI3,137,CAPE TOWN,NYANGA TERM,
DXA0;DXA1,137,CAPE TOWN,MOWBRAY,
EGA2;EGA3;EGA6;EGA7;EGA9;EGC2;EGC3;EGC4;EGH7,137,MOWBRAY,NYANGA TERM,
AFA8,139,BELLVILLE,SACKS CIRCLE,
APA7;APC5;APH9,139,DURBANVILLE,PHILIPPI EAST SAP,
APD3;APE9;APF8;APD2;APC2;APE0;APC3;APD5;APA1,139,BELLVILLE,PHILIPPI EAST SAP,
APD7;APD6,139,NYANGA TERM,PHILIPPI EAST SAP,
APG2;APG3,139,ESCOM (BRACKENFELL),NYANGA TERM,
BAA0,139,BELLVILLE,DURBANVILLE,
BAA4;BAA5,139,BELLVILLE,ESCOM (BRACKENFELL),
BAB1,139,BELLVILLE,TYGER VALLEY CENTRE,
ECA0;ECA1;ECA4;ECA5;ECA6;ECA8;ECB6;ECB3,139,BELLVILLE,NYANGA TERM,
ECA3;ECD7;ECF8,139,DURBANVILLE,NYANGA TERM,
ECC1;ECF7,139,PHILIPPI EAST SAP,TYGER VALLEY CENTRE,
ECC7,139,NYANGA TERM,TYGER VALLEY CENTRE,
YER8;YEF8,139,BELLVILLE,DURBANVILLE,
DTJ1;DTG7;DTL1;DTM0;DTB0;DTL0;DTL4;DTG6;DTJ2,139,BLAAUWBERG RIDGE,NYANGA TERM,
DZA7,139,BELLVILLE,BLAAUWBERG RIDGE,
APA5;APC7;APA3;APE8,139,BLAAUWBERG RIDGE,PHILIPPI EAST SAP,
APH1,139,PHILIPPI EAST SAP,SPEKENAM,
ECC2,140,AIRPORT IND 2,NYANGA TERM,
ECC3,140,AIRPORT IND 1,NYANGA TERM,
KBB2;KBJ6;KBH0,140,AIRPORT IND 1,MAKHAZA,
KBG0;KBR3,140,AIRPORT IND 1,HARARE,
AAA6;AAA7,142,CAPE TOWN,SEA POINT,
BTB4,142,MOWBRAY,TOLLGATE STOP,
EGA4;EGC1;EGC6;EGC8;EGA0;EGA5;EGC0;EGC7;EGC9;EGE0;EGE2;EGE4;EGE5;EGE8;EGF0;EGF2;EGH6;EGH8;EGI0;EGI3,142,CAPE TOWN,NYANGA TERM,
DXA0;DXA1,142,CAPE TOWN,MOWBRAY,
EGA2;EGA3;EGA6;EGA7;EGA9;EGC2;EGC3;EGC4;EGH7,142,MOWBRAY,NYANGA TERM,
KMA3;KME7;KMK6;KMH8;KMA2;KME6,142,MAKHAZA,MOWBRAY,
KMA4;KMA5;KME0;KMF6;KMG6;KMH4;KMI3;KMI7;KMJ3;KMJ7;KMR5;KMP6;KMV6;KMC0;KMJ2;KMI8;KMS4,142,CAPE TOWN,HARARE,
KMB4;KMF1,142,CAPE TOWN,ELITHA PARK,
KMB5;KMC3;KMD2;KME3;KMG8;KMH2;KMH3;KMH6;KMH7;KMJ9;KMO2;KMI4;KMJ8;KMJ4,142,CAPE TOWN,MAKHAZA,
KMB8;KMJ1;KML4,142,MAKHAZA,SEA POINT,
KMC5;KMC8;KMC4,142,GROOTE SCHUUR HOSP,VILLAGE 3,
KMC7;KMD1;KMN8;KMS0;KME4;KMD0;KME2,142,CAPE TOWN,VILLAGE 3,
KMC9;KMG3,142,SEA POINT,VILLAGE 3,
KMD7;KMF7;KMK5;KMM4,142,MOWBRAY,VILLAGE 3,
KME9;KMU4;KMU7;KME8,142,HARARE,MOWBRAY,
KMK0,142,MAKHAZA,SALT RIVER,
KMK2,142,HARARE,SALT RIVER,
KMR9;KMF0,142,GROOTE SCHUUR HOSP,MAKHAZA,
KXA8;KXA9,142,DRIFTSANDS,SITE C,
KMG4;KMA6;KMA7,142,CAPE TOWN,SITE C,
KMF4,142,MOWBRAY,SITE C,
KMF2,142,GROOTE SCHUUR HOSP,HARARE,
KMH9,142,HARARE,TOLLGATE STOP,
AAA6;AAA7,143,CAPE TOWN,SEA POINT,
EGA4;EGC1;EGC6;EGC8;EGA0;EGA5;EGC0;EGC7;EGC9;EGE0;EGE2;EGE4;EGE5;EGE8;EGF0;EGF2;EGH6;EGH8;EGI0;EGI3,143,CAPE TOWN,NYANGA TERM,
DXA0;DXA1,143,CAPE TOWN,MOWBRAY,
EGA2;EGA3;EGA6;EGA7;EGA9;EGC2;EGC3;EGC4;EGH7,143,MOWBRAY,NYANGA TERM,
KMA3;KME7;KMK6;KMH8;KMA2;KME6,143,MAKHAZA,MOWBRAY,
KMA4;KMA5;KME0;KMF6;KMG6;KMH4;KMI3;KMI7;KMJ3;KMJ7;KMR5;KMP6;KMV6;KMC0;KMJ2;KMI8;KMS4,143,CAPE TOWN,HARARE,
KMB0;KMI0;KMA8,143,CAPE TOWN,J BLOCK,
KMB3;KMB7;KMB9;KMJ6;KMP9,143,CAPE TOWN,ENKANINI,
KMB5;KMC3;KMD2;KME3;KMG8;KMH2;KMH3;KMH6;KMH7;KMJ9;KMO2;KMI4;KMJ8;KMJ4,143,CAPE TOWN,MAKHAZA,
KMB8;KMJ1;KML4,143,MAKHAZA,SEA POINT,
KMC5;KMC8;KMC4,143,GROOTE SCHUUR HOSP,VILLAGE 3,
KMC7;KMD1;KMN8;KMS0;KME4;KMD0;KME2,143,CAPE TOWN,VILLAGE 3,
KMC9;KMG3,143,SEA POINT,VILLAGE 3,
KMD7;KMF7;KMK5;KMM4,143,MOWBRAY,VILLAGE 3,
KME9;KMU4;KMU7;KME8,143,HARARE,MOWBRAY,
KMG0,143,ATHLONE IND,VILLAGE 3,
KMR9;KMF0,143,GROOTE SCHUUR HOSP,MAKHAZA,
KMT6,143,CAPE TOWN,MAKHAYA,
KXA8;KXA9,143,DRIFTSANDS,SITE C,
KMC1,143,MAKHAYA,MOWBRAY,
KMG4;KMA6;KMA7,143,CAPE TOWN,SITE C,
KMF4,143,MOWBRAY,SITE C,
KMI1,143,CAPE TOWN,LUZUKO,
KMF2,143,GROOTE SCHUUR HOSP,HARARE,
MXF0;MXF1,144,KILLARNEY,KILLARNEY,
PAF2;PAB4;PAY3,144,ATLANTIS,MONTAGUE GARDENS,
PAK7;PAR7;PAA5,144,ATLANTIS,KILLARNEY,
DXA0;DXA1,145,CAPE TOWN,MOWBRAY,
MIC0;MIE8;MIE9;MIF2;MIF3,145,BEACON VALLEY,TOWN CENTRE,
MIC4;OMA0;OMA1,145,EASTRIDGE,TOWN CENTRE,
OPA1;OPB7;OPK4;OPP4;OPG4;OPP8;OPA2;OPA8;OPB0;OPB2;OPM4;OPN4;OPP9;OPW2;OPR8;OPY4;OPD8;OPA0;OPE5;OPT7;OPV3;OPZ6;OPX1;OPY3;OPA3;OPH2;OPH3;OPA5;OPB1;OPB4;OPA4;OPB5,145,CAPE TOWN,TOWN CENTRE,
OPB6;OPI6;OPX4;OPG8;OPW5;OPC8;OPF1;OPG9;OPL0,145,MOWBRAY,TOWN CENTRE,
OPM6,145,CAPE TOWN,EASTRIDGE,
OPY2;OPY0;OPJ4,145,BEACON VALLEY,CAPE TOWN,
KSA6;KSB2;KSC4;KSC5;KSI4,147,MFULENI,STRAND,
KSA7;KSL2,147,LWANDLE,MFULENI,
KSB5;RVB8,147,MFULENI,SOMERSET WEST,
KSD0,147,MFULENI,SOMERSET MALL,
KSF1,147,LWANDLE,MACASSAR,
RPA0;RPA1,147,STRAND,TEMPERANCE TOWN,
RQB4;RQA6;RQB1,147,MACASSAR,STRAND,
RRA0;RRA1;RRA3;RRB0;RRF9;RRI0,147,MACASSAR,SOMERSET WEST,
RRB9,147,BLACKHEATH,SOMERSET WEST,
RSA0;RSA1,147,LWANDLE,SOMERSET WEST,
MNR3;MNR2;MNN2,147,BLACKHEATH IND,EINDHOVEN,
RVA2,147,EINDHOVEN,SOMERSET WEST,
RPB6,147,MACASSAR,TEMPERANCE TOWN,
BIB6,148,EINDHOVEN,WYNBERG,
MNA2;MNH0;MNN3,148,MFULENI,WYNBERG,
MNS2;MNT2,148,ELECTRIC CITY,WYNBERG,
MNR3;MNR2;MNN2,148,BLACKHEATH,EINDHOVEN,
BIA9;BIB3;BIB2;BIA6,148,BELHAR,WYNBERG,
BIA1,148,ELECTRIC CITY,WYNBERG,EINDHOVEN;ROOSENDAL;VOORBRUG
BIB8;BIB1;BIA5;BIB0;BIA2;BIA3;BIA0,148,THE HAGUE,WYNBERG,
MNF4,148,MALIBU,WYNBERG,
MCA0;MCA1,149,MANDALAY,TOWN CENTRE,
LCA0;LCA1,151,MURDOCH VALLEY,SIMONSTOWN,
LCC5;LCC4,154,FISH HOEK,SEA FORTH SCH,
LBB2,155,KOMMETJIE,OCEAN VIEW,
LBE4;LBA8,155,OCEAN VIEW,SEA FORTH,
LSA6;LSA7,155,DA GAMA PARK,SEA FORTH SCH,
LSB5;LSD3;LSB8,155,OCEAN VIEW,SEA FORTH SCH,
LBA2;LBA4;LBE8;LBE9;LBA5;LBC5;LBE6,155,MURDOCH VALLEY,OCEAN VIEW,
LCD2,155,MURDOCH VALLEY,SEA FORTH,
LCD4;LCF4;LCF5,155,DA GAMA PARK,MURDOCH VALLEY,
LCG5,155,MURDOCH VALLEY,SEA FORTH SCH,
LSF9,155,KOMMETJIE,SEA FORTH,
CKB6,157,ELSIES RIVER,MONTAGUE GARDENS,
MXF0;MXF1,157,KILLARNEY,KILLARNEY GARDENS,
CKA3;CKC1,157,KILLARNEY,TYGERBERG HOSP,
CKA2,157,KILLARNEY GARDENS,TYGERBERG HOSP,
CKA0;CKC6,157,ELSIES RIVER,KILLARNEY,
MCA3;MCA2,160,CLAREMONT,MANDALAY,
MHI6;MHF8,160,CLAREMONT,CLOCK TOWER,
BPA5;BPA4,163,EPPING IND,MANENBERG,
DHB2;DHB3;OPN1,164,CAPE TOWN,LOTUS RIVER,
DXC2;DXC6;DXC0;DXC4;DXC5;DXC1;DXC7;DXC3,164,CAPE TOWN,RETREAT,
DXE0;DXA3;DXE1,164,CAPE TOWN,STEENBERG,
DHA2;DHA3,164,CAPE TOWN,GRASSY PARK,
CHA9,167,HEIDEVELD,KILLARNEY GARDENS,
MXF0;MXF1,167,KILLARNEY GARDENS,KILLARNEY GARDENS,
CHA8,167,HEIDEVELD,KILLARNEY GARDENS,
DZC3;DZC2,168,ATLAS GARDENS,KILLARNEY,
MXF0;MXF1,168,KILLARNEY,KILLARNEY,
YEB8,169,MAITLAND,MAKHAZA,
RRA0;RRA1;RRA3;RRB0;RRF9;RRI0,171,MACASSAR,SOMERSET WEST,
RRA2;RRB2;RRB3,171,HELDERBERG VILLAGE,MACASSAR,
RRA4,171,HELDERBERG VILLAGE,SOMERSET WEST,
BNA2,172,BELHAR,KILLARNEY GARDENS,
DAL9;DAB1;DAG2;DAG3;DAI3,172,BLAAUWBERG RIDGE,KILLARNEY,
MXF0;MXF1,172,KILLARNEY,KILLARNEY GARDENS,
BND3;BNC6;BNB3;BNB5;BNA9;BNB0;BNA0;BNA7;BNF5;BND5;BNA1,172,EINDHOVEN,KILLARNEY,
BNC5,172,KILLARNEY,SYMPHONY WAY,
BNC7;BNA8,172,EINDHOVEN,KILLARNEY GARDENS,
BNC1,172,CENTURY CITY,EINDHOVEN,
BNC9;BNC8,172,BLAAUWBERG,EINDHOVEN,
BNA3;BNE3,172,BELHAR,KILLARNEY,
CKA0;CKC6,172,ELSIES RIVER,KILLARNEY,
BNB9;BNB1,172,BLAAUWBERG RIDGE,EINDHOVEN,
BNC2,172,BELHAR,DU NOON,
MIA4;MIB5;MIH4;MIH6,174,TAFELSIG LOST CITY,TOWN CENTRE,
MIA8;MIA9;MIB2;MIB3;MIB6;MIB7;MIB8,174,TAFELSIG LOST CITY,TOWN CENTRE,
MIC0;MIE8;MIE9;MIF2;MIF3,174,BEACON VALLEY,TOWN CENTRE,
MIC2,174,MERRYDALE AVE,TOWN CENTRE,
MID5;MID8,174,ROCKLANDS,TOWN CENTRE,
OOB4,174,STRANDFONTEIN VILL,TOWN CENTRE,
MXL2,174,CENTURY CITY,STRANDFONTEIN VILL,
MXG9,174,BEACON VALLEY,CENTURY CITY,
MXK7;MXG7;MXG6;MXO6,174,CENTURY CITY,TOWN CENTRE,
MXS1;MXR4,174,CENTURY CITY,TAFELSIG LOST CITY,
CHA0;CHB0;CHA1,175,HANOVER PARK,KILLARNEY,
MID5;MID8,175,ROCKLANDS,TOWN CENTRE,
MXA3;MXA5;MXF8;MXA8;MXE4,175,KILLARNEY GARDENS,TOWN CENTRE,
MXD4,175,HANOVER PARK,KILLARNEY GARDENS,
MXF0;MXF1,175,KILLARNEY,KILLARNEY GARDENS,
OOB4,175,STRANDFONTEIN VILL,TOWN CENTRE,
MXQ1;MXQ6,175,KILLARNEY GARDENS,STRANDFONTEIN VILL,
MXL2,175,CENTURY CITY,STRANDFONTEIN VILL,
PBA3,175,ALVINCO,STRANDFONTEIN VILL,
MXK7;MXG7;MXG6;MXO6,175,CENTURY CITY,TOWN CENTRE,
MKO2;MXS7;MXM1;MXJ6,175,KILLARNEY,TOWN CENTRE,
OLA1;OLA0;MGC2,175,HANOVER PARK,TOWN CENTRE,
PBA2,175,A.D.E.,STRANDFONTEIN VILL,
MXI0,175,KILLARNEY GARDENS,TOWN CENTRE,ROCKLANDS
CHA6,175,CENTURY CITY,HANOVER PARK,
DAL9;DAB1;DAG2;DAG3;DAI3,177,BLAAUWBERG RIDGE,KILLARNEY,
DTE9;DTA8,177,BONTEHEUWEL,KILLARNEY,
MXF0;MXF1,177,KILLARNEY,KILLARNEY,
KKB8;KKE2;KKG2;KKB9;KKH0;KKG9;KKE5,179,KILLARNEY,MAKHAZA,
MXF0;MXF1,179,KILLARNEY,KILLARNEY,
YEQ0,179,CAMBRIDGE,OUDE MOLEN SCH,
YEB8,179,MAITLAND HIGH SCHOOL;MAITLAND SCHLS,MAKHAZA,
AFA8,181,BELLVILLE,SACKS CIRCLE,
APF4,181,NYANGA TERM,VREDEKLOOF,
BAA0,181,BELLVILLE,DURBANVILLE,
BAB1,181,BELLVILLE,TYGER VALLEY CENTRE,
KBJ1;KBP5;KBE4;KBJ8;KBM1;KBM5,181,DURBANVILLE,MAKHAZA,
ECA0;ECA1;ECA4;ECA5;ECA6;ECA8;ECB6;ECB3,181,BELLVILLE,NYANGA TERM,
ECA3;ECD7;ECF8,181,DURBANVILLE,NYANGA TERM,
ECC7,181,NYANGA TERM,TYGER VALLEY CENTRE,
FPA1;FPA5,181,BELLVILLE,KENRIDGE,
KBA3;KBC6;KBC7;KBD3;KBJ5;KBK6;KBA2;KBJ4;KBK8;KBP7;KBP9;KBH7,181,BELLVILLE,VILLAGE 3,
KBA4;KBF3,181,DURBANVILLE,VILLAGE 3,
KBA6;KBF0;KBI0;KBM4;KBM7;KBQ3;KBH2,181,MAKHAZA,VREDEKLOOF,
KBA9;KBD2,181,HARARE,TYGER VALLEY CENTRE,
KBB1;KBG7;KBD1,181,MAKHAZA,TYGER VALLEY CENTRE,
KBB3,181,BELLVILLE,ENKANINI,
KBB4,181,MAKHAYA,VREDEKLOOF,
KBB7;KBC5;KBK3;KBL7;KBN9;KBQ4,181,DURBANVILLE,HARARE,
KBC1;KBC2;KBF4;KBF5;KBG3;KBI9;KBL9;KBQ1;KBG2;KBH8;KBJ0;KBF2,181,BELLVILLE,HARARE,
KBC4,181,J BLOCK,VREDEKLOOF,
KBD0;KBE8;KBE9;KBF7;KBF9;KBH4;KBI3;KBJ9;KBO1;KBO4;KBP1;KBQ2;KBL0;KBA7,181,BELLVILLE,MAKHAZA,
KBD4;KBM3;KBQ5,181,VILLAGE 3,VREDEKLOOF,
KBD7;KBO2;KBP0,181,DURBANVILLE,ENKANINI,
KBF8,181,ENKANINI,TYGER VALLEY CENTRE,
KBH3,181,DURBANVILLE,MANDALAY,
KBJ2;KBL4,181,BELLVILLE,SITE C,
KBL8;KBB8,181,TYGER VALLEY CENTRE,VILLAGE 3,
KBM6,181,ENKANINI,VREDEKLOOF,
KBN2;KBR9;KBT7;KBM9,181,HARARE,VREDEKLOOF,
KSD6;KSH6,181,HARARE,KUILS RIVER TERM,
MBD8;MBH1;MBI5,181,TAFELSIG LOST CITY,TYGER VALLEY CENTRE,
MBJ6;MBL1,181,BELLVILLE,TAFELSIG LOST CITY,
MNE3,181,KUILS RIVER TERM,TAFELSIG LOST CITY,
RVA3;RVD1,181,HARARE,KUILS RIVER TERM,
RVB2;RVC9,181,KUILS RIVER TERM,SITE C,
RVC8,181,KUILS RIVER TERM,SITE C,
YER8;YEF8,181,BELLVILLE,DURBANVILLE,
KBP4,181,DURBANVILLE,SITE C,
KBL6,181,BELLVILLE,J BLOCK,
KBE6,181,BELLVILLE,MAKHAZA,SACKS CIRCLE
APD7;APD6,182,NYANGA TERM,PHILIPPI EAST SAP,
FGA2;FGA3;FGA6;FGA7,182,NYANGA TERM,TYGERBERG STN,
FGA4;FGA5;FGB6,182,NYANGA TERM,PAROW,
FGA9;FGB0;FGA8,182,PHILIPPI EAST SAP,TYGERBERG STN,
FGC1,182,PAROW,PHILIPPI EAST SAP,
KTB3,182,KARL BREMER HOSP,NYANGA TERM,
ADA1;ADD0;ADD1;ADA0;FPA9;ADA3,183,BELLVILLE,CAPE TOWN,
FPA1;FPA5,183,BELLVILLE,KENRIDGE,
FPA2,183,CAPE TOWN,KENRIDGE,
DAD8;DAI0,184,KILLARNEY,MOWBRAY,
MXF0;MXF1,184,KILLARNEY,KILLARNEY,
MIC0;MIE8;MIE9;MIF2;MIF3,185,BEACON VALLEY,TOWN CENTRE,
MID5;MID8,186,ROCKLANDS,TOWN CENTRE,
MXH1;MXI7;MXH0;MXH2,186,METRO,TOWN CENTRE,
APA9;APA8,187,CLAREMONT,PHILIPPI EAST SAP,
KSE2;KSE3;KSE6;KSF2,188,SITE C,SOMERSET WEST,
YEK3;YEK4;YEK8;YEK9;YEK7;YEK5;YEK2,188,SITE C,TOWN CENTRE,
KSK7;KSF3,188,SOMERSET WEST,TOWN CENTRE,
KSD5;KSG0,188,SOMERSET MALL,TOWN CENTRE,
LBB2,189,KOMMETJIE,OCEAN VIEW,
LBA2;LBA4;LBE8;LBE9;LBA5;LBC5;LBE6,189,MURDOCH VALLEY,OCEAN VIEW,
LCD4;LCF4;LCF5,189,DA GAMA PARK,MURDOCH VALLEY,
LCC2;LCC3;LSB6,189,FISH HOEK SCH,MURDOCH VALLEY,
LAB2;LAA0;LAA5;LAD3;LAC4;LAA4;LAA1;LAB3;LAE5,189,FISH HOEK SCH,OCEAN VIEW,
LSA3,189,DA GAMA PARK,FISH HOEK SCH,
LCB6,189,DA GAMA PARK,FISH HOEK SCH,
LSD8;LSD4,189,FISH HOEK SCH,OCEAN VIEW,
LSH4,189,FISH HOEK SCH,KOMMETJIE,
LAD1;LAE7;LAC3;LAC2;LAB0,189,FISH HOEK SCH,KOMMETJIE,
LSI0,189,FISH HOEK SCH,NOORDHOEK,
LAB4;LAA7;LAB5;LAF0;LAF8,189,FISH HOEK SCH,NOORDHOEK,
LCC0,189,MURDOCH VALLEY,NOORDHOEK,
LBC3;LBC2,189,NOORDHOEK,OCEAN VIEW,
LCB3,190,PERDEKLOOF,SIMONSTOWN,
LCC9,190,DA GAMA PARK,SIMONSTOWN,
LCG2,190,DA GAMA PARK,PERDEKLOOF,
LCD4;LCF4;LCF5,190,DA GAMA PARK,MURDOCH VALLEY,
LCA0;LCA1,190,MURDOCH VALLEY,SIMONSTOWN,
MNS9;MNI8;MNI9;MNZ1;MNS8,192,ALEXANDRA HOSP,ELECTRIC CITY,
KSD8;KSD9,193,ARTSCAPE;ARTSCAPE (HERTZOG BL,STRAND,
BFB5;BFC2,195,EINDHOVEN,TYGERBERG STN,
CSA3,196,BONTEHEUWEL,HANOVER PARK,
AJB8,196,BONTEHEUWEL,WYNBERG,
CPA7,196,HANOVER PARK,WYNBERG,
COF1,197,EPPING IND,STEENBERG,LAVENDER HILL;LOTUS RIVER
COF0,197,EPPING IND,STEENBERG,
MNS9;MNI8;MNI9;MNZ1;MNS8,210,ALEXANDRA HOSP,ELECTRIC CITY,
RRA6;RRA7,211,ARTSCAPE (HERTZOG BL,FIRGROVE,
BAA0,212,BELLVILLE,DURBANVILLE,
YER8;YEF8,212,BELLVILLE,DURBANVILLE,
DZB0,212,CHATSWORTH,TYGERBERG HOSP,
QSC1,212,MALMESBURY,UWC,
BAB1,213,BELLVILLE,TYGER VALLEY CENTRE,
MBA1;MBA0,213,BELLVILLE,STRAND,
MBB2,213,BELLVILLE,STRAND,
MBE4,213,STRAND,TYGER VALLEY CENTRE,
OPA1;OPB7;OPK4;OPP4;OPG4;OPP8;OPA2;OPA8;OPB0;OPB2;OPM4;OPN4;OPP9;OPW2;OPR8;OPY4;OPD8;OPA0;OPE5;OPT7;OPV3;OPZ6;OPX1;OPY3;OPA3;OPH2;OPH3;OPA5;OPB1;OPB4;OPA4;OPB5,214,CAPE TOWN,TOWN CENTRE,
OPF2;OPD2;OPD0,214,CAPE TOWN,KAPTEINSKLIP STN,
KMB3;KMB7;KMB9;KMJ6;KMP9,215,CAPE TOWN,ENKANINI,
FTA1,216,CLAREMONT,MOWBRAY,
FUA4;FUA0;FUA1;FUA2,216,CLAREMONT,RONDEBOSCH,
BAA0,105A,BELLVILLE,DURBANVILLE,
DAL9;DAB1;DAG2;DAG3;DAI3,105A,BLAAUWBERG RIDGE,KILLARNEY,
DZA5;DZA4,105A,DURBANVILLE,KILLARNEY,
MXF0;MXF1,105A,KILLARNEY,KILLARNEY GARDENS,
YER8;YEF8,105A,BELLVILLE,DURBANVILLE,
DYA4;DYA5,105A,BELLVILLE,MAMRE (PARADISE RD),
DYG4,105A,BELLVILLE,SAXONSEA,
PAF2;PAB4;PAY3,105A,ATLANTIS,MONTAGUE GARDENS,
DYA6,105A,MAMRE (PARADISE RD),MONTAGUE GARDENS,
PAK7;PAR7;PAA5,105A,ATLANTIS,KILLARNEY,
DZB0,105A,CHATSWORTH,TYGERBERG HOSP,
QSD4,105A,CHATSWORTH,MONTAGUE GARDENS,
PAG8;PAB7,105A,ATLANTIS,BELLVILLE,
DZA7,105A,BELLVILLE,BLAAUWBERG RIDGE,
DYF4,105A,KILLARNEY,MAMRE (PARADISE RD),
DZC5;DZA9,105A,BELLVILLE,KILLARNEY,
CKA3;CKC1,105A,KILLARNEY,TYGERBERG HOSP,
CKA2,105A,KILLARNEY GARDENS,TYGERBERG HOSP,
BAB2;BAB4,15A,CAPE GATE,CAPE TOWN,
APD7;APD6,45A,NYANGA TERM,PHILIPPI EAST SAP,
ECC2,45A,AIRPORT IND,NYANGA TERM,
ECC3,45A,AIRPORT IND,NYANGA TERM,
EDA0;EDB1;EDA1,45A,ELSIES RIVER,NYANGA TERM,
EDA7,45A,PANORAMA MEDI CLINIC,PHILIPPI EAST SAP,
EDA2;EDA4;EDA3;EDA5,45A,NYANGA TERM,PANORAMA MEDI CLINIC,
EDB3,45A,N1 CITY,NYANGA TERM,
APG1,45A,ELSIES RIVER,PHILIPPI EAST SAP,
APK6,45A,PANORAMA MEDI CLINIC,PHILIPPI EAST SAP,N1 CITY
EXB4;EXC0;EXC1;EXC2,45A,ELSIES RIVER,PANORAMA MEDI CLINIC,
KKE9,66A,CENTURY CITY,VILLAGE 3,
KKF3;KKY1;KKF2,66A,CENTURY CITY,MAKHAZA,
KKH8;KKH9;KKX9;KKH3,66A,CENTURY CITY,HARARE,
KKV1,66A,CENTURY CITY,ENKANINI,
KXA8;KXA9,66A,DRIFTSANDS,SITE C,
