Name,StopCode,Type,Latitude,Longitude
BELLVILLE,Taxi_code,Taxi,-33.905439,18.630432
DURBANVILLE,Taxi_code,Taxi,-33.876143,18.575669
NYANGA,Taxi_code,Taxi,-34.021253,18.61284
KHAYELITSHA,Taxi_code,Taxi,-34.021253,18.61284
MOWBRAY,Taxi_code,Taxi,-33.937756,18.470134
GUGULETU,Taxi_code,Taxi,-34.021253,18.61284
CLAREMONT,Taxi_code,Taxi,-33.937756,18.470134
SEA POINT,Taxi_code,Taxi,-33.916166,18.389287
WYNBERG,Taxi_code,Taxi,-33.937756,18.470134
MITCHELLS PLAIN - TOWN CENTRE,Taxi_code,Taxi,-34.021253,18.61284
LANGA,Taxi_code,Taxi,-33.937756,18.470134
CAPE TOWN,Taxi_code,Taxi,-33.934091,18.417883
SEA POINT,Taxi_code,Taxi,-33.916166,18.389287
ATHLONE,Taxi_code,Taxi,-33.937756,18.470134
CAPE TOWN,Taxi_code,Taxi,-33.934091,18.417883
CONSTANTIA,Taxi_code,Taxi,-34.024529,18.362226
CAPE TOWN,Taxi_code,Taxi,-33.934091,18.417883
BONTEHEUWEL,Taxi_code,Taxi,-33.937756,18.470134
CAPE TOWN,Taxi_code,Taxi,-33.934091,18.417883
HOUT BAY,Taxi_code,Taxi,-34.024529,18.362226
HEIDEVELD,Taxi_code,Taxi,-34.021253,18.61284
CAPE TOWN,Taxi_code,Taxi,-33.934091,18.417883
OCEAN VIEW,Taxi_code,Taxi,-33.916166,18.389287
FISH HOEK,Taxi_code,Taxi,-34.132976,18.379456
MANENBERG,Taxi_code,Taxi,-34.021253,18.61284
PAROW,Taxi_code,Taxi,-33.937756,18.470134
ELSIES RIVER,Taxi_code,Taxi,-33.876143,18.575669
CAPE TOWN,Taxi_code,Taxi,-33.934091,18.417883
MITCHELLS PLAIN 3RD/7TH AVENUE,Taxi_code,Taxi,0,0
HANOVER PARK,Taxi_code,Taxi,-34.021253,18.61284
CAPE TOWN,Taxi_code,Taxi,-33.934091,18.417883
MFULENI,Taxi_code,Taxi,-34.021253,18.61284
BLACKHEATH,Taxi_code,Taxi,-33.934091,18.417883
HANOVER PARK,Taxi_code,Taxi,-34.021253,18.61284
MAKHAZA KHAYELITSHA,Taxi_code,Taxi,0,0
WALLACEDENE,Taxi_code,Taxi,-33.836008,18.675937
LWANDLE,Taxi_code,Taxi,-34.122222,18.868889
SOMERSET WEST,Taxi_code,Taxi,-34.08222,18.848934
THE HAGUE DELFT,Taxi_code,Taxi,-33.905439,18.630432
MITCHELLS PLAIN,Taxi_code,Taxi,-34.021253,18.61284
VOORBRUG DELFT,Taxi_code,Taxi,-34.021253,18.61284
MITCHELLS PLAIN,Taxi_code,Taxi,-34.021253,18.61284
THE HAGUE DELFT,Taxi_code,Taxi,-33.905439,18.630432
UITSIG,Taxi_code,Taxi,-34.024529,18.362226
VOORBRUG DELFT,Taxi_code,Taxi,-34.021253,18.61284
THE HAGUE DELFT,Taxi_code,Taxi,-33.905439,18.630432
EINDHOVEN DELFT,Taxi_code,Taxi,-34.021253,18.61284
CAPE TOWN,Taxi_code,Taxi,-33.934091,18.417883
EINDHOVEN DELFT,Taxi_code,Taxi,-34.021253,18.61284
EINDHOVEN DELFT,Taxi_code,Taxi,-34.021253,18.61284
ELSIES RIVER,Taxi_code,Taxi,-33.876143,18.575669
VOORBRUG,Taxi_code,Taxi,-34.021253,18.61284
ELSIES RIVER,Taxi_code,Taxi,-33.876143,18.575669
UNIBELL,Taxi_code,Taxi,-33.905439,18.630432
PAROW SANLAM CENTRE,Taxi_code,Taxi,0,0
VOORBRUG DELFT,Taxi_code,Taxi,-34.021253,18.61284
LOTUS RIVER,Taxi_code,Taxi,-34.021253,18.61284
MELTON ROSE,Taxi_code,Taxi,-33.989556,18.720553
ELSIES RIVER,Taxi_code,Taxi,-33.876143,18.575669
GRASSY PARK,Taxi_code,Taxi,-34.045129,18.503253
GRASSY PARK,Taxi_code,Taxi,-34.045129,18.503253
MITCHELLS PLAIN,Taxi_code,Taxi,-34.021253,18.61284
HANOVER PARK,Taxi_code,Taxi,-34.021253,18.61284
RETREAT,Taxi_code,Taxi,-34.062685,18.475549
,Taxi_code,Taxi,-33.934091,18.417883
CAPE TOWN,Taxi_code,Taxi,-33.934091,18.417883
HANOVER PARK,Taxi_code,Taxi,-34.021253,18.61284
PAROW STATION,Taxi_code,Taxi,-33.905439,18.630432
BELHAR DELFT,Taxi_code,Taxi,0,0
PAROW STATION,Taxi_code,Taxi,-33.905439,18.630432
NORWOOD,Taxi_code,Taxi,-33.937756,18.470134
PAROW STATION,Taxi_code,Taxi,-33.905439,18.630432
ELSIES RIVER,Taxi_code,Taxi,-33.876143,18.575669
PAROW STATION,Taxi_code,Taxi,-33.905439,18.630432
RAVENSMEAD,Taxi_code,Taxi,-33.905439,18.630432
MELTON ROSE,Taxi_code,Taxi,-33.989556,18.720553
MITCHELLS PLAIN,Taxi_code,Taxi,-34.021253,18.61284
NORTHWOOD,Taxi_code,Taxi,-34.021253,18.61284
HAZELDENE,Taxi_code,Taxi,-33.937756,18.470134
SPINE RD MITCHELLS PLAIN,Taxi_code,Taxi,-34.021253,18.61284
MITCHELLS PLAIN,Taxi_code,Taxi,-34.021253,18.61284
TAFELSIG,Taxi_code,Taxi,-34.021253,18.61284
SAXONWOLD,Taxi_code,Taxi,-33.576748,18.530195
ATLANTIS,Taxi_code,Taxi,-33.579993,18.486478
MUSICA MACASSAR,Taxi_code,Taxi,-34.062412,18.766459
ALBATROS MACASSAR,Taxi_code,Taxi,-34.053679,18.762958
SOMERSET WEST,Taxi_code,Taxi,-34.08222,18.848934
KRAMAT,Taxi_code,Taxi,-33.937756,18.470134
SOMERSET WEST,Taxi_code,Taxi,-34.08222,18.848934
GORDONS BAY,Taxi_code,Taxi,-34.158505,18.876829
N1 CITY,Taxi_code,Taxi,-33.876143,18.575669
ELSIES RIVER,Taxi_code,Taxi,-33.876143,18.575669
VASCO,Taxi_code,Taxi,-33.937756,18.470134
N1 CITY,Taxi_code,Taxi,-33.876143,18.575669
MITCHELLS PLAIN,Taxi_code,Taxi,-34.021253,18.61284
HANOVER PARK,Taxi_code,Taxi,-34.021253,18.61284
CAPE TOWN,Taxi_code,Taxi,-33.934091,18.417883
CAPE TOWN,Taxi_code,Taxi,-33.934091,18.417883
KLIPHEUWEL,Taxi_code,Taxi,-33.717949,18.707962
KENSINGTON,Taxi_code,Taxi,-33.937756,18.470134
CAPE TOWN,Taxi_code,Taxi,-33.934091,18.417883
MUTUAL STATION,Taxi_code,Taxi,-33.937756,18.470134
MITCHELLS PLAIN,Taxi_code,Taxi,-34.021253,18.61284
LENTEGEUR STATION,Taxi_code,Taxi,-34.021253,18.61284
PANORAMA,Taxi_code,Taxi,-33.934091,18.417883
VREDEHOEK,Taxi_code,Taxi,-33.934091,18.417883
CAPE TOWN,Taxi_code,Taxi,-33.934091,18.417883
MITCHELLS PLAIN,Taxi_code,Taxi,-34.021253,18.61284
NEW LENTEGEUR,Taxi_code,Taxi,-34.021253,18.61284
NEW LENTEGEUR,Taxi_code,Taxi,-34.021253,18.61284
MITCHELLS PLAIN,Taxi_code,Taxi,-34.021253,18.61284
MONTROSE PARK,Taxi_code,Taxi,0,0
GRASSY PARK,Taxi_code,Taxi,-34.045129,18.503253
GRASSY PARK,Taxi_code,Taxi,-34.045129,18.503253
MELTON ROSE,Taxi_code,Taxi,-33.989556,18.720553
DELFT,Taxi_code,Taxi,-34.021253,18.61284
MITCHELLS PLAIN,Taxi_code,Taxi,-34.021253,18.61284
CAPE TOWN,Taxi_code,Taxi,-33.934091,18.417883
ELSIES RIVER,Taxi_code,Taxi,-33.876143,18.575669
NETREG,Taxi_code,Taxi,-33.905439,18.630432
CAPE TOWN,Taxi_code,Taxi,-33.934091,18.417883
HOUT BAY,Taxi_code,Taxi,-34.024529,18.362226
HOUT BAY,Taxi_code,Taxi,-34.024529,18.362226
HOUT BAY,Taxi_code,Taxi,-34.024529,18.362226
HOUT BAY,Taxi_code,Taxi,-34.024529,18.362226
SEA POINT,Taxi_code,Taxi,-33.916166,18.389287
PELLA,Taxi_code,Taxi,-33.541965,18.51961
MALMESBURY,Taxi_code,Taxi,-33.876143,18.575669
DARLING,Taxi_code,Taxi,-33.934091,18.417883
VOORBRUG DELFT,Taxi_code,Taxi,-34.021253,18.61284
CAPE TOWN,Taxi_code,Taxi,-33.934091,18.417883
CAPE TOWN,Taxi_code,Taxi,-33.934091,18.417883
CAPE TOWN,Taxi_code,Taxi,-33.934091,18.417883
MITCHELLS PLAIN,Taxi_code,Taxi,-34.021253,18.61284
GROOTTE SCHUUR HOSPITAL,Taxi_code,Taxi,0,0
BELLVILLE SOUTH,Taxi_code,Taxi,-33.905439,18.630432
EERSTE RIVER,Taxi_code,Taxi,-34.019964,18.756216
TYGERBERG HOSPITAL,Taxi_code,Taxi,-33.905439,18.630432
KARL BREMMER HOSPITAL,Taxi_code,Taxi,0,0
CAPE TOWN,Taxi_code,Taxi,-33.934091,18.417883
VOORBRUG DELFT,Taxi_code,Taxi,-34.021253,18.61284
CAPE TOWN,Taxi_code,Taxi,-33.934091,18.417883
MELTON ROSE,Taxi_code,Taxi,-33.989556,18.720553
EERSTE RIVER,Taxi_code,Taxi,-34.019964,18.756216
FALSE BAY,Taxi_code,Taxi,-34.227027,18.655491
GRASSY PARK,Taxi_code,Taxi,-34.045129,18.503253
MUTUAL STATION,Taxi_code,Taxi,-33.937756,18.470134
RICHWOOD,Taxi_code,Taxi,-33.876143,18.575669
CAPE TOWN,Taxi_code,Taxi,-33.934091,18.417883
SOMERSET HOSPITAL,Taxi_code,Taxi,-33.916166,18.389287
EINDHOVEN DELFT,Taxi_code,Taxi,-34.021253,18.61284
THE HAGUE DELFT,Taxi_code,Taxi,-33.905439,18.630432
CAPE TOWN,Taxi_code,Taxi,-33.934091,18.417883
MANDALAY,Taxi_code,Taxi,-34.021253,18.61284
3RD /7TH AVE MITCHELLS PLAIN,Taxi_code,Taxi,-34.021253,18.61284
MELKBOSSTRAND,Taxi_code,Taxi,-33.722222,18.445833
WESFLEUR,Taxi_code,Taxi,-33.565259,18.494204
KOEBERG STATION,Taxi_code,Taxi,-33.937756,18.470134
FRANKDALE,Taxi_code,Taxi,-33.78053,18.547446
KOEBERG STATION,Taxi_code,Taxi,-33.937756,18.470134
SANDDRIFT,Taxi_code,Taxi,-33.876143,18.575669
KOEBERG STATION,Taxi_code,Taxi,-33.937756,18.470134
MONTAGUE GARDENS,Taxi_code,Taxi,-33.876143,18.575669
KOEBERG STATION,Taxi_code,Taxi,-33.937756,18.470134
MILNERTON,Taxi_code,Taxi,-33.876143,18.575669
KOEBERG STATION,Taxi_code,Taxi,-33.937756,18.470134
CAMBRIDGE,Taxi_code,Taxi,-33.937756,18.470134
LENTEGEUR STATION,Taxi_code,Taxi,-34.021253,18.61284
TOWN CENTRE MITCHELLS PLAIN,Taxi_code,Taxi,-34.021253,18.61284
LENTEGEUR STATION,Taxi_code,Taxi,-34.021253,18.61284
WYNBERH,Taxi_code,Taxi,0,0
PARKWOOD,Taxi_code,Taxi,-33.937756,18.470134
SOUTHFIELD,Taxi_code,Taxi,-33.937756,18.470134
NYANGA STATION,Taxi_code,Taxi,-34.021253,18.61284
CROSS ROADS,Taxi_code,Taxi,0,0
ELSIES RIVER,Taxi_code,Taxi,-33.876143,18.575669
THE HAGUE DELFT,Taxi_code,Taxi,-33.905439,18.630432
ELSIES RIVER,Taxi_code,Taxi,-33.876143,18.575669
KOEBERG STATION,Taxi_code,Taxi,-33.937756,18.470134
MITCHELLS PLAIN,Taxi_code,Taxi,-34.021253,18.61284
SILVERTOWN,Taxi_code,Taxi,-33.937756,18.470134
TABLE VIEW,Taxi_code,Taxi,-33.876143,18.575669
KOEBERG STATION,Taxi_code,Taxi,-33.937756,18.470134
MITCHELLS PLAIN,Taxi_code,Taxi,-34.021253,18.61284
LONDON VILLAGE,Taxi_code,Taxi,-34.021253,18.61284
BELLVILLE STATION,Taxi_code,Taxi,-33.905439,18.630432
RED CROSS HOSPITAL,Taxi_code,Taxi,-33.937756,18.470134
ELSIES RIVER,Taxi_code,Taxi,-33.876143,18.575669
SEA POINT,Taxi_code,Taxi,-33.916166,18.389287
BLOEKOMBOS,Taxi_code,Taxi,-33.836008,18.675937
EVERSDAL,Taxi_code,Taxi,-33.836008,18.675937
EIKENFONTEIN,Taxi_code,Taxi,-33.836008,18.675937
SOMERSET WEST,Taxi_code,Taxi,-34.08222,18.848934
SOMERSET WEST,Taxi_code,Taxi,-34.08222,18.848934
SOMERSET WEST,Taxi_code,Taxi,-34.08222,18.848934
FIRGROVE,Taxi_code,Taxi,-33.937756,18.470134
SOMERSET WEST,Taxi_code,Taxi,-34.08222,18.848934
SOMERSET WEST,Taxi_code,Taxi,-34.08222,18.848934
MACASSAR,Taxi_code,Taxi,-34.066116,18.767496
SOMERSET WEST,Taxi_code,Taxi,-34.08222,18.848934
EERSTE RIVER,Taxi_code,Taxi,-34.019964,18.756216
SOMERSET WEST,Taxi_code,Taxi,-34.08222,18.848934
EERSTE RIVER,Taxi_code,Taxi,-34.019964,18.756216
HANOVER PARK,Taxi_code,Taxi,-34.021253,18.61284
LANSDOWNE,Taxi_code,Taxi,-33.937756,18.470134
SOMERSET WEST,Taxi_code,Taxi,-34.08222,18.848934
V & A WATERFRONT,Taxi_code,Taxi,60.434122,22.221058
CAPE TOWN CAPTOUR,Taxi_code,Taxi,0,0
V & A WATERFRONT,Taxi_code,Taxi,60.434122,22.221058
CAPE TOWN INTERSITE,Taxi_code,Taxi,0,0
V & A WATERFRONT,Taxi_code,Taxi,60.434122,22.221058
CAPE TOWN OLD MARINE RD,Taxi_code,Taxi,0,0
V & A WATERFRONT,Taxi_code,Taxi,60.434122,22.221058
CABLE WAY STATION,Taxi_code,Taxi,0,0
V & A WATERFRONT,Taxi_code,Taxi,60.434122,22.221058
CAPE TOWN INTERNATIONAL AIRPORT,Taxi_code,Taxi,-34.021253,18.61284
DUINEFONTEIN MELKBOS STRAND,Taxi_code,Taxi,0,0
FABRIEKS AREA ATLANTIS,Taxi_code,Taxi,0,0
SAXON SEA ATLANTIS,Taxi_code,Taxi,-33.557713,18.490029
MAMRE,Taxi_code,Taxi,-33.516947,18.475935
FABRIEKS AREA ATLANTIS,Taxi_code,Taxi,0,0
FABRIEKS AREA ATLANTIS,Taxi_code,Taxi,0,0
CAPE TOWN,Taxi_code,Taxi,-33.934091,18.417883
CAPE TOWN,Taxi_code,Taxi,-33.934091,18.417883
CAMPS BAY,Taxi_code,Taxi,-33.947463,18.402054
CAMPS BAY,Taxi_code,Taxi,-33.947463,18.402054
CAMPS BAY,Taxi_code,Taxi,-33.947463,18.402054
CAMPS BAY,Taxi_code,Taxi,-33.947463,18.402054
GRASSY PARK,Taxi_code,Taxi,-34.045129,18.503253
GRASSY PARK,Taxi_code,Taxi,-34.045129,18.503253
CAPE TOWN,Taxi_code,Taxi,-33.934091,18.417883
HOUT BAY,Taxi_code,Taxi,-34.024529,18.362226
CAPE TOWN,Taxi_code,Taxi,-33.934091,18.417883
GARDENS,Taxi_code,Taxi,-33.934091,18.417883
CAPE TOWN,Taxi_code,Taxi,-33.934091,18.417883
ORANJEZICHT,Taxi_code,Taxi,-33.934091,18.417883
CAPE TOWN,Taxi_code,Taxi,-33.934091,18.417883
CABLE WAY STATION,Taxi_code,Taxi,0,0
GRASSY PARK,Taxi_code,Taxi,-34.045129,18.503253
HANOVER PARK,Taxi_code,Taxi,-34.021253,18.61284
SEA POINT,Taxi_code,Taxi,-33.916166,18.389287
SEA POINT,Taxi_code,Taxi,-33.916166,18.389287
SEA POINT,Taxi_code,Taxi,-33.916166,18.389287
MITCHELLS PLAIN,Taxi_code,Taxi,-34.021253,18.61284
TYGERBERG HOSPITAL,Taxi_code,Taxi,-33.905439,18.630432
ELSIES RIVER,Taxi_code,Taxi,-33.876143,18.575669
TYGERBERG HOSPITAL,Taxi_code,Taxi,-33.905439,18.630432
TYGERBERG HOSPITAL,Taxi_code,Taxi,-33.905439,18.630432
TYGERBERG RAILWAY STATION,Taxi_code,Taxi,-33.905439,18.630432
TYGERBERG HOSPITAL,Taxi_code,Taxi,-33.905439,18.630432
TYGERBERG HOSPITAL,Taxi_code,Taxi,-33.905439,18.630432
ELSIES RIVER,Taxi_code,Taxi,-33.876143,18.575669
TYGERBERG HOSPITAL,Taxi_code,Taxi,-33.905439,18.630432
BELHAR,Taxi_code,Taxi,-33.905439,18.630432
GRASSY PARK,Taxi_code,Taxi,-34.045129,18.503253
MITCHELLS PLAIN,Taxi_code,Taxi,-34.021253,18.61284
ROCKLANDS,Taxi_code,Taxi,-33.916166,18.389287
WESTRIDGE,Taxi_code,Taxi,-33.916166,18.389287
WESTGATE MALL,Taxi_code,Taxi,-34.021253,18.61284
WESTGATE MALL,Taxi_code,Taxi,-34.021253,18.61284
WESTGATE MALL,Taxi_code,Taxi,-34.021253,18.61284
WESTGATE PALMS,Taxi_code,Taxi,0,0
N1 CITY,Taxi_code,Taxi,-33.876143,18.575669
RETREAT STATION,Taxi_code,Taxi,-34.060515,18.463551
CAPE TOWN,Taxi_code,Taxi,-33.934091,18.417883
STEENBERG,Taxi_code,Taxi,-34.071127,18.472181
WESTLAKE,Taxi_code,Taxi,-34.132976,18.379456
TOKAI,Taxi_code,Taxi,-34.024529,18.362226
MITCHELLS PLAIN,Taxi_code,Taxi,-34.021253,18.61284
CAPE TOWN,Taxi_code,Taxi,-33.934091,18.417883
MITCHELLS PLAIN,Taxi_code,Taxi,-34.021253,18.61284
CAPE TOWN,Taxi_code,Taxi,-33.934091,18.417883
MITCHELLS PLAIN,Taxi_code,Taxi,-34.021253,18.61284
CAPE TOWN,Taxi_code,Taxi,-33.934091,18.417883
MITCHELLS PLAIN,Taxi_code,Taxi,-34.021253,18.61284
CAPE TOWN,Taxi_code,Taxi,-33.934091,18.417883
MITCHELLS PLAIN,Taxi_code,Taxi,-34.021253,18.61284
LOST CITY,Taxi_code,Taxi,-33.937756,18.470134
MITCHELLS PLAIN,Taxi_code,Taxi,-34.021253,18.61284
LOST CITY,Taxi_code,Taxi,-33.937756,18.470134
MITCHELLS PLAIN,Taxi_code,Taxi,-34.021253,18.61284
MITCHELLS PLAIN,Taxi_code,Taxi,-34.021253,18.61284
GROOTTE SCHUUR HOSPITAL,Taxi_code,Taxi,0,0
CAPE TOWN,Taxi_code,Taxi,-33.934091,18.417883
GROOTTE SCHUUR HOSPITAL,Taxi_code,Taxi,0,0
GROOTTE SCHUUR HOSPITAL,Taxi_code,Taxi,0,0
MITCHELLS PLAIN,Taxi_code,Taxi,-34.021253,18.61284
MELKBOS STRAND,Taxi_code,Taxi,0,0
FABRIEKS AREA ATLANTIS,Taxi_code,Taxi,0,0
FABRIEKS AREA ATLANTIS,Taxi_code,Taxi,0,0
SOMERSET WEST,Taxi_code,Taxi,-34.08222,18.848934
LOURENSFORD(SOMERSET WEST),Taxi_code,Taxi,-34.078262,18.866298
SOMERSET WEST,Taxi_code,Taxi,-34.08222,18.848934
DRAMA STREET(SOMERSET WEST),Taxi_code,Taxi,-34.080216,18.856126
SOMERSET WEST,Taxi_code,Taxi,-34.08222,18.848934
UPPER MOUNTAIN STREET(SOMERSET WEST),Taxi_code,Taxi,0,0
SOMERSET WEST,Taxi_code,Taxi,-34.08222,18.848934
RUE MOUNT PELLAR(SOMERSET WEST),Taxi_code,Taxi,0,0
SOMERSET WEST,Taxi_code,Taxi,-34.08222,18.848934
KRAMAT WAY(MACASSAR),Taxi_code,Taxi,0,0
SOMERSET WEST,Taxi_code,Taxi,-34.08222,18.848934
LINK AVENUE WAY(MACASSAR),Taxi_code,Taxi,0,0
SOMERSET WEST,Taxi_code,Taxi,-34.08222,18.848934
STRAND,Taxi_code,Taxi,-33.934091,18.417883
SOMERSET WEST,Taxi_code,Taxi,-34.08222,18.848934
SIR LOWRYS PASS TOWN,Taxi_code,Taxi,0,0
SOMERSET WEST,Taxi_code,Taxi,-34.08222,18.848934
RIVERTON STREET(SOMERSET WEST),Taxi_code,Taxi,-34.092474,18.833567
SOMERSET WEST,Taxi_code,Taxi,-34.08222,18.848934
DIAZ STREET(SOMERSET WEST),Taxi_code,Taxi,-34.09324,18.856978
SOMERSET WEST,Taxi_code,Taxi,-34.08222,18.848934
LOURENS STREET(SOMERSET WEST),Taxi_code,Taxi,-34.090562,18.842693
SOMERSET WEST,Taxi_code,Taxi,-34.08222,18.848934
RAILWAY STATION(SOMERSET WEST),Taxi_code,Taxi,-34.084345,18.841468
SOMERSET WEST,Taxi_code,Taxi,-34.08222,18.848934
VICTORIA PARK,Taxi_code,Taxi,-34.093182,18.831794
SOMERSET WEST,Taxi_code,Taxi,-34.08222,18.848934
ADVANCED MEDICAL TECHNOLOGY(SOMERSET WEST),Taxi_code,Taxi,0,0
SOMERSET WEST,Taxi_code,Taxi,-34.08222,18.848934
SIR LOWRYS PASS TOWN,Taxi_code,Taxi,0,0
HANOVER PARK,Taxi_code,Taxi,-34.021253,18.61284
CAPE TOWN,Taxi_code,Taxi,-33.934091,18.417883
GRASSY PARK,Taxi_code,Taxi,-34.045129,18.503253
MITCHELLS PLAIN (CALYPSO SQUARE),Taxi_code,Taxi,0,0
BEACON VALLEY,Taxi_code,Taxi,0,0
CAPE TOWN,Taxi_code,Taxi,-33.934091,18.417883
CAPE TOWN,Taxi_code,Taxi,-33.934091,18.417883
WALMER ESTATE,Taxi_code,Taxi,-33.937756,18.470134
CASSA BLANCA (STRAND),Taxi_code,Taxi,0,0
CASSA BLANCA (STRAND),Taxi_code,Taxi,0,0
SOMERSET WEST,Taxi_code,Taxi,-34.08222,18.848934
TEMPERANCE TOWN (GORDONS BAY),Taxi_code,Taxi,0,0
SIR LOWRYS PASS TOWN,Taxi_code,Taxi,0,0
SOMERSET WEST MALL,Taxi_code,Taxi,0,0
KILLARNEY,Taxi_code,Taxi,-33.937756,18.470134
MAITLAND,Taxi_code,Taxi,-33.937756,18.470134
N1 CITY,Taxi_code,Taxi,-33.876143,18.575669
BOTHASIG,Taxi_code,Taxi,-33.876143,18.575669
MONTAGUE GARDENS,Taxi_code,Taxi,-33.876143,18.575669
PAROW (PLATTEKLOOF ROAD),Taxi_code,Taxi,0,0
MALIBU,Taxi_code,Taxi,-34.021253,18.61284
NORTHPINE,Taxi_code,Taxi,-33.836008,18.675937
BRACKENFELL STATION,Taxi_code,Taxi,-33.836008,18.675937
BRACKENFELL (HYPERMARKET),Taxi_code,Taxi,0,0
CAPE TOWN,Taxi_code,Taxi,-33.934091,18.417883
DURBANVILLE(ZAND DAM PLAAS),Taxi_code,Taxi,0,0
HANOVER PARK,Taxi_code,Taxi,-34.021253,18.61284
HANOVER PARK,Taxi_code,Taxi,-34.021253,18.61284
HANOVER PARK,Taxi_code,Taxi,-34.021253,18.61284
BISHOP LAVIS,Taxi_code,Taxi,-33.905439,18.630432
ELSIES RIVER,Taxi_code,Taxi,-33.876143,18.575669
ELSIES RIVER,Taxi_code,Taxi,-33.876143,18.575669
LOTUS RIVER,Taxi_code,Taxi,-34.021253,18.61284
LOTUS RIVER,Taxi_code,Taxi,-34.021253,18.61284
CAPE TOWN,Taxi_code,Taxi,-33.934091,18.417883
DE NOVA,Taxi_code,Taxi,-33.836008,18.675937
CAPE TOWN,Taxi_code,Taxi,-33.934091,18.417883
LOTUS RIVER,Taxi_code,Taxi,-34.021253,18.61284
HANOVER PARK,Taxi_code,Taxi,-34.021253,18.61284
KRAAIFONTEIN,Taxi_code,Taxi,-33.836008,18.675937
ATLANTIS(WESFLEUR),Taxi_code,Taxi,-33.566317,18.485787
WITSAND,Taxi_code,Taxi,-33.586105,18.505229
CAPE TOWN,Taxi_code,Taxi,-33.934091,18.417883
EERSTERIVIER,Taxi_code,Taxi,-34,18.721667
DEVON PARK,Taxi_code,Taxi,-34.008891,18.72832
DEVON PARK,Taxi_code,Taxi,-34.008891,18.72832
MITCHELLS PLAIN,Taxi_code,Taxi,-34.021253,18.61284
FACTRETON,Taxi_code,Taxi,-33.937756,18.470134
MONTAGUE GARDENS,Taxi_code,Taxi,-33.876143,18.575669
GRASSY PARK,Taxi_code,Taxi,-34.045129,18.503253
HOUT BAY,Taxi_code,Taxi,-34.024529,18.362226
OTTERY,Taxi_code,Taxi,-33.937756,18.470134
LOTUS RIVER,Taxi_code,Taxi,-34.021253,18.61284
LOTUS RIVER,Taxi_code,Taxi,-34.021253,18.61284
PLUMSTEAD,Taxi_code,Taxi,-33.937756,18.470134
LOTUS RIVER,Taxi_code,Taxi,-34.021253,18.61284
ELSIES RIVER,Taxi_code,Taxi,-33.876143,18.575669
ELSIES RIVER,Taxi_code,Taxi,-33.876143,18.575669
ELSIES RIVER,Taxi_code,Taxi,-33.876143,18.575669
LOTUS RIVER,Taxi_code,Taxi,-34.021253,18.61284
LOTUS RIVER,Taxi_code,Taxi,-34.021253,18.61284
LOTUS RIVER,Taxi_code,Taxi,-34.021253,18.61284
MUIZENBERG,Taxi_code,Taxi,-34.097839,18.484571
LOTUS RIVER,Taxi_code,Taxi,-34.021253,18.61284
MITCHELLS PLAIN,Taxi_code,Taxi,-34.021253,18.61284
EERSTE RIVER,Taxi_code,Taxi,-34.019964,18.756216
EERSTE RIVER,Taxi_code,Taxi,-34.019964,18.756216
FABRIEKS AREA,Taxi_code,Taxi,0,0
FABRIEKS AREA,Taxi_code,Taxi,0,0
BRIDGETOWN,Taxi_code,Taxi,-33.937756,18.470134
CAPE TOWN,Taxi_code,Taxi,-33.934091,18.417883
CAPE TOWN,Taxi_code,Taxi,-33.934091,18.417883
HANOVER PARK,Taxi_code,Taxi,-34.021253,18.61284
LAVENDER HILL,Taxi_code,Taxi,-34.073611,18.483333
SEA WINDS,Taxi_code,Taxi,0,0
MONTAGUE GARDENS,Taxi_code,Taxi,-33.876143,18.575669
EERSTE RIVER,Taxi_code,Taxi,-34.019964,18.756216
BLUE DOWNS,Taxi_code,Taxi,-34.021253,18.61284
ELECTRIC CITY,Taxi_code,Taxi,-34.021253,18.61284
EERSTE RIVER,Taxi_code,Taxi,-34.019964,18.756216
EERSTE RIVER,Taxi_code,Taxi,-34.019964,18.756216
STRATFORD,Taxi_code,Taxi,-33.937756,18.470134
MONTAGUE GARDENS,Taxi_code,Taxi,-33.876143,18.575669
EERSTE RIVER,Taxi_code,Taxi,-34.019964,18.756216
LONDON VILLAGE,Taxi_code,Taxi,-34.021253,18.61284
MITCHELLS PLAIN,Taxi_code,Taxi,-34.021253,18.61284
KUILSRIVER,Taxi_code,Taxi,0,0
EINDHOVEN,Taxi_code,Taxi,-34.021253,18.61284
TYGERBERG STATION,Taxi_code,Taxi,-33.905439,18.630432
ELSIES RIVER,Taxi_code,Taxi,-33.876143,18.575669
BISHOP LAVIS,Taxi_code,Taxi,-33.905439,18.630432
ELSIES RIVER,Taxi_code,Taxi,-33.876143,18.575669
SOMERSET WEST RAILWAY STATION,Taxi_code,Taxi,-34.084345,18.841468
SILVERSANDS,Taxi_code,Taxi,-34.021253,18.61284
TOWN CENTRE(MITCHELLS PLAIN),Taxi_code,Taxi,-34.021253,18.61284
CAPE TOWN,Taxi_code,Taxi,-33.934091,18.417883
KILLARNEY GARDENS,Taxi_code,Taxi,-33.876143,18.575669
STRANDFONTEIN,Taxi_code,Taxi,-34.021253,18.61284
TOWN CENTRE(MITCHELLS PLAIN),Taxi_code,Taxi,-34.021253,18.61284
TOWN CENTRE(MITCHELLS PLAIN),Taxi_code,Taxi,-34.021253,18.61284
WESTGATE MALL(MITCHELLS PLAIN),Taxi_code,Taxi,-34.021253,18.61284
GRASSY PARK,Taxi_code,Taxi,-34.045129,18.503253
HANOVER PARK,Taxi_code,Taxi,-34.021253,18.61284
BEACON VALLEY(CALYPSO SQUARE),Taxi_code,Taxi,0,0
MITCHELLS PLAIN,Taxi_code,Taxi,-34.021253,18.61284
CROSS ROADS,Taxi_code,Taxi,0,0
RUSTHOF,Taxi_code,Taxi,-34.131279,18.847639
SIR LOWRYS PASS TOWN,Taxi_code,Taxi,0,0
CAPE TOWN STATION DECK,Taxi_code,Taxi,-33.934091,18.417883
CAPE TOWN STATION DECK,Taxi_code,Taxi,-33.934091,18.417883
MITCHELLS PLAIN,Taxi_code,Taxi,-34.021253,18.61284
MITCHELLS PLAIN(CALYPSO SQUARE),Taxi_code,Taxi,0,0
CAPE TOWN,Taxi_code,Taxi,-33.934091,18.417883
FISH HOEK,Taxi_code,Taxi,-34.132976,18.379456
MASIPHUMELELE,Taxi_code,Taxi,-34.021253,18.61284
VANDER STEL STATION,Taxi_code,Taxi,0,0
STRAND NORTH,Taxi_code,Taxi,0,0
KALKFONTEIN,Taxi_code,Taxi,-33.905439,18.630432
EERSTE RIVER,Taxi_code,Taxi,-34.019964,18.756216
SIR LOWRYS PASS TOWN,Taxi_code,Taxi,0,0
LOURENSFORD PLAAS,Taxi_code,Taxi,0,0
SIR LOWRYS PASS TOWN,Taxi_code,Taxi,0,0
SOMERSET WEST(HOTTENTOTS HOSPITAL),Taxi_code,Taxi,0,0
SIR LOWRYS PASS TOWN,Taxi_code,Taxi,0,0
FIRGROVE (R102),Taxi_code,Taxi,-33.937756,18.470134
SIR LOWRYS PASS TOWN,Taxi_code,Taxi,0,0
SOMERSET WEST (SUID STREET WESTRIDGE),Taxi_code,Taxi,0,0
SIR LOWRYS PASS TOWN,Taxi_code,Taxi,0,0
STRAND (AE &CI),Taxi_code,Taxi,7.617053,99.030727
SIR LOWRYS PASS TOWN,Taxi_code,Taxi,0,0
SOMERSET WEST,Taxi_code,Taxi,-34.08222,18.848934
SIR LOWRYS PASS TOWN,Taxi_code,Taxi,0,0
SIR LOWRYS PASS TOWN,Taxi_code,Taxi,0,0
RUSTHOF (STRAND),Taxi_code,Taxi,-34.12896,18.848812
SCOTTSDENE,Taxi_code,Taxi,-33.836008,18.675937
SCOTTSVILLE,Taxi_code,Taxi,-33.876143,18.575669
BRACKENFELL,Taxi_code,Taxi,-33.836008,18.675937
TABLE VIEW,Taxi_code,Taxi,-33.876143,18.575669
YSTERPLAAT,Taxi_code,Taxi,-33.937756,18.470134
ELSIES RIVER,Taxi_code,Taxi,-33.876143,18.575669
EDGEMEAD,Taxi_code,Taxi,-33.876143,18.575669
SEA POINT,Taxi_code,Taxi,-33.916166,18.389287
ELSIES RIVER,Taxi_code,Taxi,-33.876143,18.575669
N1 CITY,Taxi_code,Taxi,-33.876143,18.575669
ELSIES RIVER,Taxi_code,Taxi,-33.876143,18.575669
ELSIES RIVER,Taxi_code,Taxi,-33.876143,18.575669
SIR LOWRYS PASS TOWN,Taxi_code,Taxi,0,0
BISHOP LAVIS,Taxi_code,Taxi,-33.905439,18.630432
HYPERAMA PAROW,Taxi_code,Taxi,0,0
CAPE TOWN,Taxi_code,Taxi,-33.934091,18.417883
MITCHELLS PLAIN,Taxi_code,Taxi,-34.021253,18.61284
HANOVER PARK,Taxi_code,Taxi,-34.021253,18.61284
BISHOP LAVIS,Taxi_code,Taxi,-33.905439,18.630432
ELSIES RIVER,Taxi_code,Taxi,-33.876143,18.575669
MUTUAL STATION,Taxi_code,Taxi,-33.937756,18.470134
KRAMAT WAY,Taxi_code,Taxi,0,0
STEYNRUST RD,Taxi_code,Taxi,0,0
LOURENSFORD,Taxi_code,Taxi,-34.065174,18.897667
SOMERSET WEST,Taxi_code,Taxi,-34.08222,18.848934
SOMERSET WEST,Taxi_code,Taxi,-34.08222,18.848934
WINERY RD,Taxi_code,Taxi,-34.053563,18.792483
AE & CI STRAND,Taxi_code,Taxi,24.000249,53.999483
SIR LOWRYS PASS TOWN,Taxi_code,Taxi,0,0
SAREPTA,Taxi_code,Taxi,-33.905439,18.630432
TYGERBERG HOSPITAL,Taxi_code,Taxi,-33.905439,18.630432
MITCHELLS PLAIN,Taxi_code,Taxi,-34.021253,18.61284
HANOVER PARK,Taxi_code,Taxi,-34.021253,18.61284
MITCHELLS PLAIN,Taxi_code,Taxi,-34.021253,18.61284
HANOVER PARK,Taxi_code,Taxi,-34.021253,18.61284
GRASSY APRK,Taxi_code,Taxi,0,0
FISH HOEK,Taxi_code,Taxi,-34.132976,18.379456
NOORDHOEK,Taxi_code,Taxi,-34.132976,18.379456
FISH HOEK,Taxi_code,Taxi,-34.132976,18.379456
KOMMETJIE,Taxi_code,Taxi,-34.132976,18.379456
FISH HOEK,Taxi_code,Taxi,-34.132976,18.379456
OCEAN VIEW,Taxi_code,Taxi,-33.916166,18.389287
FISH HOEK,Taxi_code,Taxi,-34.132976,18.379456
SUN VALLEY,Taxi_code,Taxi,-34.024529,18.362226
FISH HOEK,Taxi_code,Taxi,-34.132976,18.379456
SEA FORTH,Taxi_code,Taxi,0,0
FISH HOEK,Taxi_code,Taxi,-34.132976,18.379456
CAPE TOWN,Taxi_code,Taxi,-33.934091,18.417883
OCEAN VIEW,Taxi_code,Taxi,-33.916166,18.389287
SUN VALLEY,Taxi_code,Taxi,-34.024529,18.362226
OCEAN VIEW,Taxi_code,Taxi,-33.916166,18.389287
SIMONS TOWN,Taxi_code,Taxi,-34.132976,18.379456
BRACKENFELL STATION,Taxi_code,Taxi,-33.836008,18.675937
BRACKENFELL STATION,Taxi_code,Taxi,-33.836008,18.675937
MELTON ROSE,Taxi_code,Taxi,-33.989556,18.720553
BLUE DOWNS,Taxi_code,Taxi,-34.021253,18.61284
MELTON ROSE,Taxi_code,Taxi,-33.989556,18.720553
TUSCANY GLEN,Taxi_code,Taxi,-34.021253,18.61284
MELTON ROSE,Taxi_code,Taxi,-33.989556,18.720553
TUSCANY GLEN,Taxi_code,Taxi,-34.021253,18.61284
MELTON ROSE,Taxi_code,Taxi,-33.989556,18.720553
MELTON ROSE,Taxi_code,Taxi,-33.989556,18.720553
KLEINVLEI,Taxi_code,Taxi,-33.985833,18.714444
DENNEGEUR,Taxi_code,Taxi,-34.095381,18.87051
MUTUAL,Taxi_code,Taxi,-33.937756,18.470134
HANOVER PARK,Taxi_code,Taxi,-34.021253,18.61284
HANOVER PARK,Taxi_code,Taxi,-34.021253,18.61284
HANOVER PARK,Taxi_code,Taxi,-34.021253,18.61284
HANOVER PARK,Taxi_code,Taxi,-34.021253,18.61284
BRENTWOOD PARK,Taxi_code,Taxi,-34.021253,18.61284
TABLE VIEW,Taxi_code,Taxi,-33.876143,18.575669
CAPE TOWN,Taxi_code,Taxi,-33.934091,18.417883
TABLE VIEW,Taxi_code,Taxi,-33.876143,18.575669
KOEBERG,Taxi_code,Taxi,-33.937756,18.470134
TABLE VIEW,Taxi_code,Taxi,-33.876143,18.575669
YSTERPLAAT STATION,Taxi_code,Taxi,-33.937756,18.470134
TABLE VIEW,Taxi_code,Taxi,-33.876143,18.575669
INDUSTRIAL AREA,Taxi_code,Taxi,-34.021253,18.61284
BOTTELARY RD,Taxi_code,Taxi,-33.905439,18.630432
KUILSRIVER STATION,Taxi_code,Taxi,0,0
KUILSRIVER STATION,Taxi_code,Taxi,0,0
INDUSTRIAL AREA,Taxi_code,Taxi,-34.021253,18.61284
KUILSRIVER STATION,Taxi_code,Taxi,0,0
BLACKHEATH RAILWAY STATION,Taxi_code,Taxi,-33.905439,18.630432
HAPPY VALLEY,Taxi_code,Taxi,-34.021253,18.61284
BLACKHEATH RAILWAY STATION,Taxi_code,Taxi,-33.905439,18.630432
MELTON ROSE,Taxi_code,Taxi,-33.989556,18.720553
PINEPLACE,Taxi_code,Taxi,0,0
MELTON ROSE,Taxi_code,Taxi,-33.989556,18.720553
ELSIES RIVER,Taxi_code,Taxi,-33.876143,18.575669
MATROOSFONTEIN,Taxi_code,Taxi,-33.905439,18.630432
THE HAGUE,Taxi_code,Taxi,-33.905439,18.630432
MALIBU VILLAGE,Taxi_code,Taxi,-34.021253,18.61284
MITCHELLS PLAIN,Taxi_code,Taxi,-34.021253,18.61284
ELSIES RIVER,Taxi_code,Taxi,-33.876143,18.575669
NETREG STATION,Taxi_code,Taxi,-33.905439,18.630432
SANLAM CENTRE,Taxi_code,Taxi,0,0
MONTANA,Taxi_code,Taxi,-33.947463,18.402054
ELSIES RIVER,Taxi_code,Taxi,-33.876143,18.575669
THE HAGUE,Taxi_code,Taxi,-33.905439,18.630432
ELSIES RIVER,Taxi_code,Taxi,-33.876143,18.575669
N1 CITY,Taxi_code,Taxi,-33.876143,18.575669
WELGEMOED,Taxi_code,Taxi,-33.905439,18.630432
CAPE TOWN,Taxi_code,Taxi,-33.934091,18.417883
KUILSRIVER STATION,Taxi_code,Taxi,0,0
KUILSRIVER STATION,Taxi_code,Taxi,0,0
CAPE TOWN,Taxi_code,Taxi,-33.934091,18.417883
SOMERSET WEST,Taxi_code,Taxi,-34.08222,18.848934
LENTEGEUR STATION,Taxi_code,Taxi,-34.021253,18.61284
WESTGATE MALL,Taxi_code,Taxi,-34.021253,18.61284
GATESVILLE,Taxi_code,Taxi,-33.937756,18.470134
TABLE VIEW,Taxi_code,Taxi,-33.876143,18.575669
KOEBERG RAILWAY STATION,Taxi_code,Taxi,-33.937756,18.470134
CAPE TOWN,Taxi_code,Taxi,-33.934091,18.417883
SEA POINT,Taxi_code,Taxi,-33.916166,18.389287
GREEN POINT,Taxi_code,Taxi,-33.916166,18.389287
CAPE TOWN,Taxi_code,Taxi,-33.934091,18.417883
DOCK RD,Taxi_code,Taxi,-33.934091,18.417883
CAPE TOWN,Taxi_code,Taxi,-33.934091,18.417883
GREEN POINT,Taxi_code,Taxi,-33.916166,18.389287
N1 CITY,Taxi_code,Taxi,-33.876143,18.575669
N1 CITY,Taxi_code,Taxi,-33.876143,18.575669
N1 CITY,Taxi_code,Taxi,-33.876143,18.575669
GOODWOOD,Taxi_code,Taxi,-33.876143,18.575669
N1 CITY,Taxi_code,Taxi,-33.876143,18.575669
CAPE TOWN,Taxi_code,Taxi,-33.934091,18.417883
CAPE TOWN,Taxi_code,Taxi,-33.934091,18.417883
CAPE TOWN,Taxi_code,Taxi,-33.934091,18.417883
CAMPS BAY,Taxi_code,Taxi,-33.947463,18.402054
SOMERSET WEST,Taxi_code,Taxi,-34.08222,18.848934
SOMERSET WEST,Taxi_code,Taxi,-34.08222,18.848934
SOMERSET WEST,Taxi_code,Taxi,-34.08222,18.848934
SOMERSET WEST,Taxi_code,Taxi,-34.08222,18.848934
CASSABLANCA,Taxi_code,Taxi,0,0
SIR LOWRYS PASS TOWN,Taxi_code,Taxi,0,0
SOMERSET WEST,Taxi_code,Taxi,-34.08222,18.848934
SIR LOWRYS PASS TOWN,Taxi_code,Taxi,0,0
SIR LOWRYS PASS TOWN,Taxi_code,Taxi,0,0
GORDONS BAY,Taxi_code,Taxi,-34.158505,18.876829
SIR LOWRYS PASS TOWN,Taxi_code,Taxi,0,0
CAPE TOWN,Taxi_code,Taxi,-33.934091,18.417883
CAPE TOWN,Taxi_code,Taxi,-33.934091,18.417883
SOMERSET WEST,Taxi_code,Taxi,-34.08222,18.848934
ELSIES RIVER,Taxi_code,Taxi,-33.876143,18.575669
TABLE VIEW,Taxi_code,Taxi,-33.876143,18.575669
KOEBERG RAILWAY STATION,Taxi_code,Taxi,-33.937756,18.470134
TABLE VIEW,Taxi_code,Taxi,-33.876143,18.575669
KOEBERG RAILWAY STATION,Taxi_code,Taxi,-33.937756,18.470134
CRAMMIX RD,Taxi_code,Taxi,-33.836008,18.675937
ELSIES RIVER,Taxi_code,Taxi,-33.876143,18.575669
BISHOP LAVIS,Taxi_code,Taxi,-33.905439,18.630432
CAPE TOWN,Taxi_code,Taxi,-33.934091,18.417883
KOEBERG RAILWAY STATION,Taxi_code,Taxi,-33.937756,18.470134
KOEBERG RAILWAY STATION,Taxi_code,Taxi,-33.937756,18.470134
KOEBERG RAILWAY STATION,Taxi_code,Taxi,-33.937756,18.470134
MORNINGSTAR,Taxi_code,Taxi,-33.72215,18.514087
DOLPHIN BEACH,Taxi_code,Taxi,-33.829803,18.481552
KOEBERG RAILWAY STATION,Taxi_code,Taxi,-33.937756,18.470134
HANOVER PARK,Taxi_code,Taxi,-34.021253,18.61284
HANOVER PARK,Taxi_code,Taxi,-34.021253,18.61284
ELSIES RIVER,Taxi_code,Taxi,-33.876143,18.575669
GORDONS BAY,Taxi_code,Taxi,-34.158505,18.876829
GORDONS BAY,Taxi_code,Taxi,-34.158505,18.876829
SOMERSET WEST,Taxi_code,Taxi,-34.08222,18.848934
GORDONS BAY,Taxi_code,Taxi,-34.158505,18.876829
SOMERSET MALL,Taxi_code,Taxi,-34.08042,18.822387
SOMERSET WEST,Taxi_code,Taxi,-34.08222,18.848934
SOMERSET WEST,Taxi_code,Taxi,-34.08222,18.848934
SOMERSET MALL,Taxi_code,Taxi,-34.08042,18.822387
MITCHELLS PLAIN,Taxi_code,Taxi,-34.021253,18.61284
TYGERVALLEY SHOPPING CENTRE,Taxi_code,Taxi,0,0
TYGERVALLEY SHOPPING CENTRE,Taxi_code,Taxi,0,0
MITCHELLS PLAIN,Taxi_code,Taxi,-34.021253,18.61284
TYGERBERG HOSPITAL,Taxi_code,Taxi,-33.905439,18.630432
CAPE TOWN,Taxi_code,Taxi,-33.934091,18.417883
DELFT SOUTH,Taxi_code,Taxi,-34.021253,18.61284
MUTUAL STATION,Taxi_code,Taxi,-33.937756,18.470134
DELFT SOUTH,Taxi_code,Taxi,-34.021253,18.61284
ELSIES RIVER,Taxi_code,Taxi,-33.876143,18.575669
PHILIPPI,Taxi_code,Taxi,-34.021253,18.61284
SEA POINT,Taxi_code,Taxi,-33.916166,18.389287
GRASSY PARK,Taxi_code,Taxi,-34.045129,18.503253
HANOVER PARK,Taxi_code,Taxi,-34.021253,18.61284
SEA POINT,Taxi_code,Taxi,-33.916166,18.389287
CAPE TOWN,Taxi_code,Taxi,-33.934091,18.417883
SEA POINT,Taxi_code,Taxi,-33.916166,18.389287
LAVENDER HILL,Taxi_code,Taxi,-34.073611,18.483333
REATREAT,Taxi_code,Taxi,0,0
POLLSMOOR,Taxi_code,Taxi,-34.024529,18.362226
FISH HOEK,Taxi_code,Taxi,-34.132976,18.379456
KOEBERG RAILWAY STATION,Taxi_code,Taxi,-33.937756,18.470134
SUMMERGREENS,Taxi_code,Taxi,0,0
KOEBERG RAILWAY STATION,Taxi_code,Taxi,-33.937756,18.470134
KOEBERG RAILWAY STATION,Taxi_code,Taxi,-33.937756,18.470134
PAARDEN EILAND,Taxi_code,Taxi,-33.937756,18.470134
KOEBERG RAILWAY STATION,Taxi_code,Taxi,-33.937756,18.470134
YSTERPLAAT RAILWAY STATION,Taxi_code,Taxi,-33.937756,18.470134
KOEBERG RAILWAY STATION,Taxi_code,Taxi,-33.937756,18.470134
MONTAGUE GARDENS,Taxi_code,Taxi,-33.876143,18.575669
WOODSTOCK,Taxi_code,Taxi,-33.937756,18.470134
CAPE TOWN(STATION DECK),Taxi_code,Taxi,-33.934091,18.417883
GORDONS BAY,Taxi_code,Taxi,-34.158505,18.876829
TEMPERANCE TOWN,Taxi_code,Taxi,-34.153049,18.88305
RATANGA JUNCTION CENTURY CITY,Taxi_code,Taxi,0,0
KOEBERG RAILWAY STATION,Taxi_code,Taxi,-33.937756,18.470134
RATANGA JUNCTION CENTURY CITY,Taxi_code,Taxi,0,0
KENILWORTH CENTRE,Taxi_code,Taxi,-33.937756,18.470134
DELFT SOUTH,Taxi_code,Taxi,-34.021253,18.61284
CAPE TOWN,Taxi_code,Taxi,-33.934091,18.417883
CAPE TOWN,Taxi_code,Taxi,-33.934091,18.417883
CAPE TOWN,Taxi_code,Taxi,-33.934091,18.417883
CAPE TOWN,Taxi_code,Taxi,-33.934091,18.417883
CAPE TOWN,Taxi_code,Taxi,-33.934091,18.417883
CAPE TOWN,Taxi_code,Taxi,-33.934091,18.417883
CAPE TOWN,Taxi_code,Taxi,-33.934091,18.417883
CAPE TOWN,Taxi_code,Taxi,-33.934091,18.417883
CAPE TOWN,Taxi_code,Taxi,-33.934091,18.417883
CAPE TOWN,Taxi_code,Taxi,-33.934091,18.417883
CAPE TOWN,Taxi_code,Taxi,-33.934091,18.417883
CAPE TOWN,Taxi_code,Taxi,-33.934091,18.417883
MITCHELLS PLAIN,Taxi_code,Taxi,-34.021253,18.61284
HANOVER PARK,Taxi_code,Taxi,-34.021253,18.61284
N1 CITY,Taxi_code,Taxi,-33.876143,18.575669
WESBANK,Taxi_code,Taxi,-33.934091,18.417883
PENTECH RAILWAY STATION,Taxi_code,Taxi,-33.905439,18.630432
CAPE TOWN,Taxi_code,Taxi,-33.934091,18.417883
CAPE TOWN,Taxi_code,Taxi,-33.934091,18.417883
MONTAGUE GARDENS,Taxi_code,Taxi,-33.876143,18.575669
KOEBERG RAILWAY STATIONS,Taxi_code,Taxi,-33.937756,18.470134
TYGERVALLEY CENTRE,Taxi_code,Taxi,0,0
KLIPHEUWEL RD,Taxi_code,Taxi,-33.736481,18.701064
SEA POINT,Taxi_code,Taxi,-33.916166,18.389287
HAPPY VALLEY,Taxi_code,Taxi,-34.021253,18.61284
CAPE TOWN,Taxi_code,Taxi,-33.934091,18.417883
SEA POINT,Taxi_code,Taxi,-33.916166,18.389287
CAPE TOWN,Taxi_code,Taxi,-33.934091,18.417883
CAPE TOWN,Taxi_code,Taxi,-33.934091,18.417883
BLUE DOWNS,Taxi_code,Taxi,-34.021253,18.61284
MITCHELLS PLAIN,Taxi_code,Taxi,-34.021253,18.61284
ELSIES RIVER,Taxi_code,Taxi,-33.876143,18.575669
EPPING 2,Taxi_code,Taxi,-33.876143,18.575669
HARARE,Taxi_code,Taxi,-34.021253,18.61284
MAKHAZA,Taxi_code,Taxi,-34.021253,18.61284
SEA POINT,Taxi_code,Taxi,-33.916166,18.389287
ELSIES RIVER,Taxi_code,Taxi,-33.876143,18.575669
PAROW RAILWAY STATION,Taxi_code,Taxi,-33.876143,18.575669
TYGERBERG RAILWAY STATION,Taxi_code,Taxi,-33.905439,18.630432
TYGERBERG RAILWAY STATION,Taxi_code,Taxi,-33.905439,18.630432
FISH HOEK,Taxi_code,Taxi,-34.132976,18.379456
EERSTE RIVER,Taxi_code,Taxi,-34.019964,18.756216
GROOTTE SCHUUR HOSPITAL,Taxi_code,Taxi,0,0
BRENTWOOD PARK,Taxi_code,Taxi,-34.021253,18.61284
BRENTWOOD PARK,Taxi_code,Taxi,-34.021253,18.61284
DELFT SOUTH,Taxi_code,Taxi,-34.021253,18.61284
CAPE TOWN,Taxi_code,Taxi,-33.934091,18.417883
DELFT SOUTH,Taxi_code,Taxi,-34.021253,18.61284
SAMORA MACHEL,Taxi_code,Taxi,-34.021253,18.61284
CAPE TOWN,Taxi_code,Taxi,-33.934091,18.417883
ELSIES RIVER,Taxi_code,Taxi,-33.876143,18.575669
KHAYELITSHA (KUWAIT),Taxi_code,Taxi,0,0
MITCHELLS PLAIN,Taxi_code,Taxi,-34.021253,18.61284
KHAYELITSHA (KUWAIT),Taxi_code,Taxi,0,0
MITCHELLS PLAIN,Taxi_code,Taxi,-34.021253,18.61284
KHAYELITSHA (SITE B),Taxi_code,Taxi,-34.021253,18.61284
MITCHELLS PLAIN,Taxi_code,Taxi,-34.021253,18.61284
KHAYELITSHA (MAKHAZA),Taxi_code,Taxi,0,0
MITCHELLS PLAIN,Taxi_code,Taxi,-34.021253,18.61284
KHAYELITSHA (TOWN 2),Taxi_code,Taxi,-34.021253,18.61284
MITCHELLS PLAIN,Taxi_code,Taxi,-34.021253,18.61284
KHAYELITSHA (LUZUKO RANK),Taxi_code,Taxi,0,0
MITCHELLS PLAIN,Taxi_code,Taxi,-34.021253,18.61284
KHAYELITSHA (HARARE),Taxi_code,Taxi,-34.021253,18.61284
MITCHELLS PLAIN,Taxi_code,Taxi,-34.021253,18.61284
KHAYELITSHA (MAKAYA),Taxi_code,Taxi,-34.021253,18.61284
MITCHELLS PLAIN,Taxi_code,Taxi,-34.021253,18.61284
CAPE TOWN,Taxi_code,Taxi,-33.934091,18.417883
OCEAN VIEW,Taxi_code,Taxi,-33.916166,18.389287
TABLE VIEW,Taxi_code,Taxi,-33.876143,18.575669
KUWAIT,Taxi_code,Taxi,0,0
DE NOVA,Taxi_code,Taxi,-33.836008,18.675937
OCEAN VIEW,Taxi_code,Taxi,-33.916166,18.389287
MURDOCK VALLEY,Taxi_code,Taxi,0,0
OCEAN VIEW,Taxi_code,Taxi,-33.916166,18.389287
DELFT SOUTH,Taxi_code,Taxi,-34.021253,18.61284
DELFT SOUTH,Taxi_code,Taxi,-34.021253,18.61284
PENTECH STATION,Taxi_code,Taxi,-33.905439,18.630432
DELFT SOUTH,Taxi_code,Taxi,-34.021253,18.61284
ELSIES RIVER,Taxi_code,Taxi,-33.876143,18.575669
CAPE TOWN,Taxi_code,Taxi,-33.934091,18.417883
MUTUAL RAILWAY STATION,Taxi_code,Taxi,-33.937756,18.470134
DU NOON,Taxi_code,Taxi,-33.876143,18.575669
DU NOON,Taxi_code,Taxi,-33.876143,18.575669
MAITLAND RAILWAY STATION,Taxi_code,Taxi,-33.937756,18.470134
EERSTE RIVER,Taxi_code,Taxi,-34.019964,18.756216
FOREST HEIGHTS,Taxi_code,Taxi,-34.021253,18.61284
DELFT SOUTH,Taxi_code,Taxi,-34.021253,18.61284
MITCHELLS PLAIN,Taxi_code,Taxi,-34.021253,18.61284
CAPE TOWN,Taxi_code,Taxi,-33.934091,18.417883
LOURENSFORD FARM,Taxi_code,Taxi,0,0
CROSS RAODS,Taxi_code,Taxi,0,0
CAPE TOWN,Taxi_code,Taxi,-33.934091,18.417883
SALT RIVER,Taxi_code,Taxi,-33.937756,18.470134
FISANTEKRAAL,Taxi_code,Taxi,-33.836008,18.675937
SOMERSET WEST,Taxi_code,Taxi,-34.08222,18.848934
MITCHELLS PLAIN,Taxi_code,Taxi,-34.021253,18.61284
MITCHELLS PLAIN,Taxi_code,Taxi,-34.021253,18.61284
MITCHELLS PLAIN,Taxi_code,Taxi,-34.021253,18.61284
MITCHELLS PLAIN,Taxi_code,Taxi,-34.021253,18.61284
EERSTE RIVER,Taxi_code,Taxi,-34.019964,18.756216
TYGERBERG RAILWAY STATION,Taxi_code,Taxi,-33.905439,18.630432
TYGERBERG HOSPITAL,Taxi_code,Taxi,-33.905439,18.630432
TYGERBERG RAILWAY STATION,Taxi_code,Taxi,-33.905439,18.630432
TYGERBERG RAILWAY STATION,Taxi_code,Taxi,-33.905439,18.630432
EERSTE RIVER,Taxi_code,Taxi,-34.019964,18.756216
VISSERSHOK FARM,Taxi_code,Taxi,-33.781072,18.556463
TYGERBERG HOSPITAL,Taxi_code,Taxi,-33.905439,18.630432
DELFT SOUTH,Taxi_code,Taxi,-34.021253,18.61284
KRAAIFONTEIN STATION,Taxi_code,Taxi,-33.836008,18.675937
JOOSTENBERG VLAKTE,Taxi_code,Taxi,0,0
SANLAM CENTRE PAROW,Taxi_code,Taxi,0,0
EERSTE RIVER,Taxi_code,Taxi,-34.019964,18.756216
MITCHELLS PLAIN,Taxi_code,Taxi,-34.021253,18.61284
EERSTE RIVER,Taxi_code,Taxi,-34.019964,18.756216
MITCHELLS PLAIN,Taxi_code,Taxi,-34.021253,18.61284
EERSTE RIVER,Taxi_code,Taxi,-34.019964,18.756216
MITCHELLS PLAIN,Taxi_code,Taxi,-34.021253,18.61284
MELTON ROSE,Taxi_code,Taxi,-33.989556,18.720553
EERSTE RIVER,Taxi_code,Taxi,-34.019964,18.756216
SAMORA MACHEL,Taxi_code,Taxi,-34.021253,18.61284
SEA POINT,Taxi_code,Taxi,-33.916166,18.389287
SAMORA MACHEL,Taxi_code,Taxi,-34.021253,18.61284
SEA POINT,Taxi_code,Taxi,-33.916166,18.389287
KOEBERG STATION,Taxi_code,Taxi,-33.937756,18.470134
TABLE VIEW,Taxi_code,Taxi,-33.876143,18.575669
TYGERBERG STATION,Taxi_code,Taxi,-33.905439,18.630432
TYGERBERG STATION,Taxi_code,Taxi,-33.905439,18.630432
KOEBERG STATION,Taxi_code,Taxi,-33.937756,18.470134
TABLE VIEW,Taxi_code,Taxi,-33.876143,18.575669
SIR LOWRYS PASS,Taxi_code,Taxi,0,0
SOMERSET WEST,Taxi_code,Taxi,-34.08222,18.848934
KRAAIFONTEIN (SHOPRITE),Taxi_code,Taxi,0,0
GOODWOOD STATION,Taxi_code,Taxi,-33.876143,18.575669
TABLE VIEW,Taxi_code,Taxi,-33.876143,18.575669
GOODWOOD STATION,Taxi_code,Taxi,-33.876143,18.575669
MONTAGUE GARDENS,Taxi_code,Taxi,-33.876143,18.575669
SEA POINT,Taxi_code,Taxi,-33.916166,18.389287
BRACKENFELL STATION,Taxi_code,Taxi,-33.836008,18.675937
BOTFONTEIN - BOTLARY FARMS,Taxi_code,Taxi,0,0
DE NOVA,Taxi_code,Taxi,-33.836008,18.675937
GOLIATH ESTATE,Taxi_code,Taxi,0,0
PENTECH,Taxi_code,Taxi,-33.905439,18.630432
RATANGA JUNCTION,Taxi_code,Taxi,0,0
MAITLAND RAILWAY STATION,Taxi_code,Taxi,-33.937756,18.470134
UNIBELL RAILWAY STATION,Taxi_code,Taxi,-33.905439,18.630432
PAROW RAILWAY STATION,Taxi_code,Taxi,-33.876143,18.575669
ELSIES RIVER STATION,Taxi_code,Taxi,-33.876143,18.575669
HILLVIEW,Taxi_code,Taxi,-33.937756,18.470134
CAPRICORN,Taxi_code,Taxi,-33.876143,18.575669
7TH & 11TH AVE,Taxi_code,Taxi,12.311917,76.658741
BLUE ROUTE,Taxi_code,Taxi,-34.024529,18.362226
GRASSY PARK,Taxi_code,Taxi,-34.045129,18.503253
MITCHELLS PLAIN(TOWN CENTRE),Taxi_code,Taxi,-34.021253,18.61284
LAVENDER HILL,Taxi_code,Taxi,-34.073611,18.483333
MONTAGUE VILLAGE,Taxi_code,Taxi,0,0
STEENBERG(HILLVIEW),Taxi_code,Taxi,0,0
VRYGROND - STEENBERG,Taxi_code,Taxi,0,0
WESTLAKE - RETREAT,Taxi_code,Taxi,0,0
WESTLAKE M3 - RETREAT,Taxi_code,Taxi,0,0
WESTLAKE - TOKAI,Taxi_code,Taxi,-34.132976,18.379456
CONSTANTIA - WYNBERG,Taxi_code,Taxi,-33.937756,18.470134
CONSTANTIA - WYNBERG,Taxi_code,Taxi,-33.937756,18.470134
MUIZENBERG-FISH HOEK,Taxi_code,Taxi,0,0
FISH HOEK,Taxi_code,Taxi,-34.132976,18.379456
DELFT SOUTH,Taxi_code,Taxi,-34.021253,18.61284
ELSIES RIVER,Taxi_code,Taxi,-33.876143,18.575669
CONSTANTIA (SWEET VALLEY),Taxi_code,Taxi,-34.024529,18.362226
SANLAM CENTRE,Taxi_code,Taxi,0,0
SANLAM CENTRE,Taxi_code,Taxi,0,0
TOWN CENTRE,Taxi_code,Taxi,-33.934091,18.417883
MITCHELLS PLAIN,Taxi_code,Taxi,-34.021253,18.61284
LANGA (BHUNGA),Taxi_code,Taxi,0,0
SEA POINT,Taxi_code,Taxi,-33.916166,18.389287
EYONA,Taxi_code,Taxi,-34.021253,18.61284
SEA POINT,Taxi_code,Taxi,-33.916166,18.389287
GOODWOOD-MAITLAND-KILLARNEY,Taxi_code,Taxi,0,0
7TH AVENUE MITCHELLS PLAIN,Taxi_code,Taxi,-34.021253,18.61284
BELLVILLE RAILWAY STATION,Taxi_code,Taxi,-33.905439,18.630432
DU NOON,Taxi_code,Taxi,-33.876143,18.575669
MONTAGUE GARDENS,Taxi_code,Taxi,-33.876143,18.575669
DU NOON,Taxi_code,Taxi,-33.876143,18.575669
JOE SLOVO PARK,Taxi_code,Taxi,-33.876143,18.575669
RATANGA JUNCTION,Taxi_code,Taxi,0,0
RATANGA JUNCTION,Taxi_code,Taxi,0,0
LOURENSFORD & VERGELEGEN,Taxi_code,Taxi,-34.065174,18.897667
HOTTENTOTS HOLLAND HOSPITAL,Taxi_code,Taxi,0,0
MITCHELLS PLAIN,Taxi_code,Taxi,-34.021253,18.61284
SAMORA MACHEL,Taxi_code,Taxi,-34.021253,18.61284
NYANGA JUNCTION,Taxi_code,Taxi,-34.021253,18.61284
HEIDEVELD STATION,Taxi_code,Taxi,-34.021253,18.61284
NYANGA JUNCTION,Taxi_code,Taxi,-34.021253,18.61284
NYANGA TERMINUS,Taxi_code,Taxi,0,0
MITCHELLS PLAIN,Taxi_code,Taxi,-34.021253,18.61284
CROSS ROADS,Taxi_code,Taxi,0,0
NYANGA JUNCTION,Taxi_code,Taxi,-34.021253,18.61284
SAMORA MACHEL,Taxi_code,Taxi,-34.021253,18.61284
NYANGA JUNCTION,Taxi_code,Taxi,-34.021253,18.61284
NYANGA JUNCTION,Taxi_code,Taxi,-34.021253,18.61284
NYANGA JUNCTION,Taxi_code,Taxi,-34.021253,18.61284
SAMORA MACHEL,Taxi_code,Taxi,-34.021253,18.61284
NYANGA JUNCTION,Taxi_code,Taxi,-34.021253,18.61284
CROSS ROADS,Taxi_code,Taxi,0,0
NYANGA JUNCTION,Taxi_code,Taxi,-34.021253,18.61284
HEIDEVELD STATION,Taxi_code,Taxi,-34.021253,18.61284
NYANGA JUNCTION,Taxi_code,Taxi,-34.021253,18.61284
TAMBO VILLAGE,Taxi_code,Taxi,-33.012411,27.874477
RETREAT STATION,Taxi_code,Taxi,-34.060515,18.463551
PHILIPPI - LOWER CROSS ROADS,Taxi_code,Taxi,0,0
PHILIPPI - LOWER CROSS ROADS,Taxi_code,Taxi,0,0
LOWER CROSS ROADS,Taxi_code,Taxi,0,0
LOWER CROSS ROADS,Taxi_code,Taxi,0,0
LOWER CROSS ROADS,Taxi_code,Taxi,0,0
LOWER CROSS ROADS,Taxi_code,Taxi,0,0
CLAREMONT (GUGULETU),Taxi_code,Taxi,0,0
EERSTE RIVER,Taxi_code,Taxi,-34.019964,18.756216
NYANGA TERM,Taxi_code,Taxi,0,0
MITCHELLS PLAIN,Taxi_code,Taxi,-34.021253,18.61284
MITCHELLS PLAIN,Taxi_code,Taxi,-34.021253,18.61284
NYANGA TERM,Taxi_code,Taxi,0,0
SAMORA MACHEL,Taxi_code,Taxi,-34.021253,18.61284
PARKLANDS,Taxi_code,Taxi,-33.801186,18.494611
MONTAGUE GARDENS,Taxi_code,Taxi,-33.876143,18.575669
METRO INDUSTRY(PAARDEN EILAND),Taxi_code,Taxi,0,0
FISH HOEK,Taxi_code,Taxi,-34.132976,18.379456
CROOS ROADS(JO-BURG STORES),Taxi_code,Taxi,0,0
FISH HOEK,Taxi_code,Taxi,-34.132976,18.379456
SAMORA MACHEL,Taxi_code,Taxi,-34.021253,18.61284
FARMS(ATLANTIS),Taxi_code,Taxi,0,0
CENTURY CITY,Taxi_code,Taxi,-33.876143,18.575669
CENTURY CITY,Taxi_code,Taxi,-33.876143,18.575669
SAXON WORLD,Taxi_code,Taxi,0,0
SAXON WORLD,Taxi_code,Taxi,0,0
LANGA STATION,Taxi_code,Taxi,-33.937756,18.470134
RETREAT STATION,Taxi_code,Taxi,-34.060515,18.463551
DU NOON,Taxi_code,Taxi,-33.876143,18.575669
CAPE TOWN,Taxi_code,Taxi,-33.934091,18.417883
DU NOON,Taxi_code,Taxi,-33.876143,18.575669
SUMMER GREENS,Taxi_code,Taxi,-33.876143,18.575669
DU NOON,Taxi_code,Taxi,-33.876143,18.575669
LEIDEN DELFT,Taxi_code,Taxi,-34.021253,18.61284
ELSIES RIVER,Taxi_code,Taxi,-33.876143,18.575669
LOWER CROSS ROADS,Taxi_code,Taxi,0,0
CAPE TOWN,Taxi_code,Taxi,-33.934091,18.417883
SIMONS TOWN,Taxi_code,Taxi,-34.132976,18.379456
CAPE TOWN,Taxi_code,Taxi,-33.934091,18.417883
CROSS ROADS (JO-BURG STORES),Taxi_code,Taxi,0,0
CAPE TOWN,Taxi_code,Taxi,-33.934091,18.417883
LOWER CROSS ROADS,Taxi_code,Taxi,0,0
MONTE VISTA,Taxi_code,Taxi,-33.876143,18.575669
DE LA REY,Taxi_code,Taxi,-34.021253,18.61284
CAPE TOWN,Taxi_code,Taxi,-33.934091,18.417883
CAPE TOWN,Taxi_code,Taxi,-33.934091,18.417883
CAPE TOWN,Taxi_code,Taxi,-33.934091,18.417883
CABLE WAY STATION,Taxi_code,Taxi,0,0
HAPPY VALLEY,Taxi_code,Taxi,-34.021253,18.61284
CENTURY CITY,Taxi_code,Taxi,-33.876143,18.575669
CENTURY CITY,Taxi_code,Taxi,-33.876143,18.575669
CENTURY CITY,Taxi_code,Taxi,-33.876143,18.575669
CENTURY CITY,Taxi_code,Taxi,-33.876143,18.575669
MITCHELLS PLAIN,Taxi_code,Taxi,-34.021253,18.61284
MITCHELLS PLAIN,Taxi_code,Taxi,-34.021253,18.61284
CENTURY CITY,Taxi_code,Taxi,-33.876143,18.575669
MITCHELLS PLAIN,Taxi_code,Taxi,-34.021253,18.61284
CENTURY CITY,Taxi_code,Taxi,-33.876143,18.575669
MITCHELLS PLAIN,Taxi_code,Taxi,-34.021253,18.61284
CENTURY CITY,Taxi_code,Taxi,-33.876143,18.575669
DU NOON,Taxi_code,Taxi,-33.876143,18.575669
RUYTERWACHT,Taxi_code,Taxi,-33.876143,18.575669
BISHOPS COURT,Taxi_code,Taxi,-34.021253,18.61284
LEIDEN,Taxi_code,Taxi,-34.021253,18.61284
CENTURY CITY,Taxi_code,Taxi,-33.876143,18.575669
CAPE TOWN (STATION DECK),Taxi_code,Taxi,-33.934091,18.417883
CAPE TOWN (STATION DECK),Taxi_code,Taxi,-33.934091,18.417883
SANDRIFT - MONTAGUE GARDENS,Taxi_code,Taxi,0,0
CAPE TOWN (STATION DECK),Taxi_code,Taxi,-33.934091,18.417883
TABLE VIEW,Taxi_code,Taxi,-33.876143,18.575669
CENTURY CITY,Taxi_code,Taxi,-33.876143,18.575669
ELSIES RIVER,Taxi_code,Taxi,-33.876143,18.575669
LOWER CROSS ROADS,Taxi_code,Taxi,0,0
WYNBERG AND RETURN,Taxi_code,Taxi,0,0
NYANGA TAXI RANK,Taxi_code,Taxi,0,0
SAMORA MACHEL,Taxi_code,Taxi,-34.021253,18.61284
MITCHELLS PLAIN,Taxi_code,Taxi,-34.021253,18.61284
SURBURBAN BLISS,Taxi_code,Taxi,0,0
SURBURBAN BLISS,Taxi_code,Taxi,0,0
SURBURBAN BLISS,Taxi_code,Taxi,0,0
CAPE TOWN,Taxi_code,Taxi,-33.934091,18.417883
SURBURBAN BLISS,Taxi_code,Taxi,0,0
CAPE TOWN,Taxi_code,Taxi,-33.934091,18.417883
SURBURBAN BLISS,Taxi_code,Taxi,0,0
SEA POINT,Taxi_code,Taxi,-33.916166,18.389287
SURBURBAN BLISS,Taxi_code,Taxi,0,0
ELSIES RIVER,Taxi_code,Taxi,-33.876143,18.575669
SURBURBAN BLISS,Taxi_code,Taxi,0,0
CROSS ROADS(JO-BURG STORES),Taxi_code,Taxi,0,0
CAPE TOWN,Taxi_code,Taxi,-33.934091,18.417883
CENTURY CITY,Taxi_code,Taxi,-33.876143,18.575669
PAROW STATION,Taxi_code,Taxi,-33.905439,18.630432
MUTUAL RAILWAY STATION,Taxi_code,Taxi,-33.937756,18.470134
MUTUAL RAILWAY STATION,Taxi_code,Taxi,-33.937756,18.470134
SOMERSET WEST,Taxi_code,Taxi,-34.08222,18.848934
HELDERVUE (SOMERSET WEST),Taxi_code,Taxi,-34.06,18.821667
SANDVLEI,Taxi_code,Taxi,-34.058889,18.733056
SOMERSET WEST,Taxi_code,Taxi,-34.08222,18.848934
GORDONS BAY,Taxi_code,Taxi,-34.158505,18.876829
CAPE TOWN,Taxi_code,Taxi,-33.934091,18.417883
EPPING,Taxi_code,Taxi,-33.937756,18.470134
CAPE TOWN,Taxi_code,Taxi,-33.934091,18.417883
CAPE TOWN,Taxi_code,Taxi,-33.934091,18.417883
HANOVER PARK,Taxi_code,Taxi,-34.021253,18.61284
CAPE TOWN,Taxi_code,Taxi,-33.934091,18.417883
SUMMER GREENS,Taxi_code,Taxi,-33.876143,18.575669
CAPE TOWN,Taxi_code,Taxi,-33.934091,18.417883
SUMMER GREENS,Taxi_code,Taxi,-33.876143,18.575669
SOMERSET WEST,Taxi_code,Taxi,-34.08222,18.848934
STELLENBOSCH,Taxi_code,Taxi,-33.905439,18.630432
TOWN CENTRE CALYPSO SQUARE MITCHELLS PLAIN,Taxi_code,Taxi,0,0
MUTUAL RAILWAY STATION,Taxi_code,Taxi,-33.937756,18.470134
MITCHELLS PLAIN,Taxi_code,Taxi,-34.021253,18.61284
TOWN CENTRE MITCHELLS PLAIN,Taxi_code,Taxi,-34.021253,18.61284
JOHANNES MEINTJIES LENTEGEUR,Taxi_code,Taxi,0,0
MITCHELLS PLAIN,Taxi_code,Taxi,-34.021253,18.61284
SAMORA MACHEL,Taxi_code,Taxi,-34.021253,18.61284
TAMBO VILLAGE,Taxi_code,Taxi,-33.012411,27.874477
CAPE TOWN,Taxi_code,Taxi,-33.934091,18.417883
CAPE TOWN,Taxi_code,Taxi,-33.934091,18.417883
CAPE TOWN,Taxi_code,Taxi,-33.934091,18.417883
CAPE TOWN,Taxi_code,Taxi,-33.934091,18.417883
CAPE TOWN,Taxi_code,Taxi,-33.934091,18.417883
TOWN CENTRE CALYPSO SQUARE MITCHELLS PLAIN,Taxi_code,Taxi,0,0
CAPE TOWN (HIGHLANDS DR,Taxi_code,Taxi,0,0
KHAYELITSHA SITE C,Taxi_code,Taxi,-34.021253,18.61284
PLATTEKLOOF,Taxi_code,Taxi,-33.876143,18.575669
KHAYELITSH SITE C,Taxi_code,Taxi,0,0
SOMERSET WEST MALL,Taxi_code,Taxi,0,0
HELDERVUE (SOMERSET WES),Taxi_code,Taxi,-34.06,18.821667
SOMERSET WEST,Taxi_code,Taxi,-34.08222,18.848934
KOGGELBAAI,Taxi_code,Taxi,0,0
KHAYELITSH SITE C,Taxi_code,Taxi,0,0
MONTE VISTA,Taxi_code,Taxi,-33.876143,18.575669
CAPE TOWN,Taxi_code,Taxi,-33.934091,18.417883
CAPE TOWN,Taxi_code,Taxi,-33.934091,18.417883
KHAYELITSHA SITE C,Taxi_code,Taxi,-34.021253,18.61284
YSTERPLAAT RAILWAY STATION,Taxi_code,Taxi,-33.937756,18.470134
MONTAGUE GARDENS,Taxi_code,Taxi,-33.876143,18.575669
YSTERPLAAT RAILWAY STATION,Taxi_code,Taxi,-33.937756,18.470134
YSTERPLAAT RAILWAY STATION,Taxi_code,Taxi,-33.937756,18.470134
SANDRIF,Taxi_code,Taxi,-33.836008,18.675937
YSTERPLAAT RAILWAY STATION,Taxi_code,Taxi,-33.937756,18.470134
YSTERPLAAT RAILWAY STATION,Taxi_code,Taxi,-33.937756,18.470134
MONTAGUE GARDENS,Taxi_code,Taxi,-33.876143,18.575669
SHOPRITE KUILSRIVER,Taxi_code,Taxi,0,0
VREDENDAL,Taxi_code,Taxi,-33.937756,18.470134
CAPE TOWN,Taxi_code,Taxi,-33.934091,18.417883
STELLENBOSCH (DU TOIT STATION),Taxi_code,Taxi,0,0
CAPE TOWN,Taxi_code,Taxi,-33.934091,18.417883
CAPE TOWN,Taxi_code,Taxi,-33.934091,18.417883
CAPE TOWN,Taxi_code,Taxi,-33.934091,18.417883
CAPE TOWN,Taxi_code,Taxi,-33.934091,18.417883
CAPE TOWN,Taxi_code,Taxi,-33.934091,18.417883
DU NOON,Taxi_code,Taxi,-33.876143,18.575669
HOUT BAY,Taxi_code,Taxi,-34.024529,18.362226
DU NOON,Taxi_code,Taxi,-33.876143,18.575669
SIR LOWRY'S PASS,Taxi_code,Taxi,-34.11768,18.910297
SAMORA MACHEL,Taxi_code,Taxi,-34.021253,18.61284
CAPE TOWN,Taxi_code,Taxi,-33.934091,18.417883
SCOTTSVILLE  - BRACKENFELL,Taxi_code,Taxi,0,0
BRACKENFELL STATION,Taxi_code,Taxi,-33.836008,18.675937
CAPE GATE,Taxi_code,Taxi,-33.836008,18.675937
CAPE GATE,Taxi_code,Taxi,-33.836008,18.675937
CAPE GATE,Taxi_code,Taxi,-33.836008,18.675937
CAPE GATE,Taxi_code,Taxi,-33.836008,18.675937
CAPE GATE,Taxi_code,Taxi,-33.836008,18.675937
CAPE GATE,Taxi_code,Taxi,-33.836008,18.675937
CAPE GATE,Taxi_code,Taxi,-33.836008,18.675937
CAPE GATE,Taxi_code,Taxi,-33.836008,18.675937
CAPE GATE,Taxi_code,Taxi,-33.836008,18.675937
CAPE TOWN,Taxi_code,Taxi,-33.934091,18.417883
VANGATE MALL,Taxi_code,Taxi,-33.937756,18.470134
VANGATE MALL,Taxi_code,Taxi,-33.937756,18.470134
VANGATE MALL,Taxi_code,Taxi,-33.937756,18.470134
VANGATE MALL,Taxi_code,Taxi,-33.937756,18.470134
VANGATE MALL,Taxi_code,Taxi,-33.937756,18.470134
VANGATE MALL,Taxi_code,Taxi,-33.937756,18.470134
SAMORA MACHEL,Taxi_code,Taxi,-34.021253,18.61284
VANGATE MALL,Taxi_code,Taxi,-33.937756,18.470134
VANGATE MALL,Taxi_code,Taxi,-33.937756,18.470134
VANGATE MALL,Taxi_code,Taxi,-33.937756,18.470134
VANGATE MALL,Taxi_code,Taxi,-33.937756,18.470134
VANGATE MALL,Taxi_code,Taxi,-33.937756,18.470134
VANGATE MALL,Taxi_code,Taxi,-33.937756,18.470134
VANGATE MALL,Taxi_code,Taxi,-33.937756,18.470134
VANGATE MALL,Taxi_code,Taxi,-33.937756,18.470134
VANGATE MALL,Taxi_code,Taxi,-33.937756,18.470134
VANGATE MALL,Taxi_code,Taxi,-33.937756,18.470134
VANGATE MALL,Taxi_code,Taxi,-33.937756,18.470134
VANGATE MALL,Taxi_code,Taxi,-33.937756,18.470134
VANGATE MALL,Taxi_code,Taxi,-33.937756,18.470134
VANGATE MALL,Taxi_code,Taxi,-33.937756,18.470134
CAPE TOWN,Taxi_code,Taxi,-33.934091,18.417883
FEZEKA,Taxi_code,Taxi,-34.021253,18.61284
MITCHELL'S PLAIN,Taxi_code,Taxi,-34.021253,18.61284
SAMORA MACHEL,Taxi_code,Taxi,-34.021253,18.61284
MITCHELL'S PLAIN,Taxi_code,Taxi,-34.021253,18.61284
HELDERBERG,Taxi_code,Taxi,-34.099826,18.857047
PHILIPPI STATION TRANSPORT INTERCHANGE,Taxi_code,Taxi,0,0
MITCHELLS PLAIN,Taxi_code,Taxi,-34.021253,18.61284
MITCHELLS PLAIN,Taxi_code,Taxi,-34.021253,18.61284
IMIZAMO YETHU,Taxi_code,Taxi,-34.024529,18.362226
HOUT BAY DAY HOSPITAL,Taxi_code,Taxi,0,0
IMIZAMO YETHU,Taxi_code,Taxi,-34.024529,18.362226
SHOPRITE HOUT BAY,Taxi_code,Taxi,0,0
SOMERSET WEST,Taxi_code,Taxi,-34.08222,18.848934
TYGERBERG RAILWAY STATION,Taxi_code,Taxi,-33.905439,18.630432
ELSIES RIVER,Taxi_code,Taxi,-33.876143,18.575669
SOMERSET WEST,Taxi_code,Taxi,-34.08222,18.848934
SOMERSET WEST RAILWAY STATION,Taxi_code,Taxi,-34.084345,18.841468
SIR LOWRYS PASS,Taxi_code,Taxi,0,0
KILLARNEY & DU NOON,Taxi_code,Taxi,52.058717,-9.507446
SUMMER GREENS,Taxi_code,Taxi,-33.876143,18.575669
SUMMER GREENS,Taxi_code,Taxi,-33.876143,18.575669
MAITLAND STATION,Taxi_code,Taxi,-33.937756,18.470134
WEST BEACH,Taxi_code,Taxi,-33.810687,18.478391
KILLARNAY & DU NOON,Taxi_code,Taxi,-33.876143,18.575669
MILNERTON RIDGE,Taxi_code,Taxi,-33.876143,18.575669
CAPE TOWN,Taxi_code,Taxi,-33.934091,18.417883
CENTURY CITY,Taxi_code,Taxi,-33.876143,18.575669
HOUT BAY,Taxi_code,Taxi,-34.024529,18.362226
TYGERBERG STATION,Taxi_code,Taxi,-33.905439,18.630432
MUTUAL STATION,Taxi_code,Taxi,-33.937756,18.470134
MUTUAL STATION,Taxi_code,Taxi,-33.937756,18.470134
ROOSENDAL,Taxi_code,Taxi,-33.905439,18.630432
KOEBERG STATION,Taxi_code,Taxi,-33.937756,18.470134
KOEBERG STATION,Taxi_code,Taxi,-33.937756,18.470134
KOEBERG STATION,Taxi_code,Taxi,-33.937756,18.470134
KOEBERG STATION,Taxi_code,Taxi,-33.937756,18.470134
TYGERBERG STATION,Taxi_code,Taxi,-33.905439,18.630432
ELSIES RIVER,Taxi_code,Taxi,-33.876143,18.575669
EERSTE RIVIER STASIE,Taxi_code,Taxi,0,0
SOMERSET WEST,Taxi_code,Taxi,-34.08222,18.848934
SOMERSET WEST,Taxi_code,Taxi,-34.08222,18.848934
CAPE TOWN,Taxi_code,Taxi,-33.934091,18.417883
KOEBERG STATION,Taxi_code,Taxi,-33.937756,18.470134
SANDRIFT,Taxi_code,Taxi,0,0
KOEBERG STATION,Taxi_code,Taxi,-33.937756,18.470134
MONTAGUE GARDENS,Taxi_code,Taxi,-33.876143,18.575669
KOEBERG STATION,Taxi_code,Taxi,-33.937756,18.470134
KOEBERG STATION,Taxi_code,Taxi,-33.937756,18.470134
KOEBERG STATION,Taxi_code,Taxi,-33.937756,18.470134
KOEBERG STATION,Taxi_code,Taxi,-33.937756,18.470134
TABLE VIEW,Taxi_code,Taxi,-33.876143,18.575669
DU NOON,Taxi_code,Taxi,-33.876143,18.575669
DU NOON,Taxi_code,Taxi,-33.876143,18.575669
TABLE VIEW,Taxi_code,Taxi,-33.876143,18.575669
DU NOON,Taxi_code,Taxi,-33.876143,18.575669
DU NOON,Taxi_code,Taxi,-33.876143,18.575669
TABLE VIEW,Taxi_code,Taxi,-33.876143,18.575669
KOEBERG STATION,Taxi_code,Taxi,-33.937756,18.470134
YSTERPLAAT STATION,Taxi_code,Taxi,-33.937756,18.470134
KOEBERG RAILWAY STATION,Taxi_code,Taxi,-33.937756,18.470134
KOEBERG STATION,Taxi_code,Taxi,-33.937756,18.470134
KOEBERG STATION,Taxi_code,Taxi,-33.937756,18.470134
KOEBEGR STATION,Taxi_code,Taxi,0,0
DU NOON,Taxi_code,Taxi,-33.876143,18.575669
DE NOON,Taxi_code,Taxi,-33.876143,18.575669
KOEBERG STATION,Taxi_code,Taxi,-33.937756,18.470134
DOLPHIN BEACH,Taxi_code,Taxi,-33.829803,18.481552
KOEBERG STATION,Taxi_code,Taxi,-33.937756,18.470134
KOEBERG STATION,Taxi_code,Taxi,-33.937756,18.470134
PAARDEN EILAND,Taxi_code,Taxi,-33.937756,18.470134
KOEBERG STATION,Taxi_code,Taxi,-33.937756,18.470134
YSTERPLAAT STATION,Taxi_code,Taxi,-33.937756,18.470134
KOEBERG STATION,Taxi_code,Taxi,-33.937756,18.470134
MONTAGUE GARDENS,Taxi_code,Taxi,-33.876143,18.575669
KOEBERG STATION,Taxi_code,Taxi,-33.937756,18.470134
KOEBERG STATION,Taxi_code,Taxi,-33.937756,18.470134
KOBERG STATION,Taxi_code,Taxi,0,0
MONTAGUE GARDENS,Taxi_code,Taxi,-33.876143,18.575669
DU NOON,Taxi_code,Taxi,-33.876143,18.575669
MAITLAND STATION,Taxi_code,Taxi,-33.937756,18.470134
DU NOON,Taxi_code,Taxi,-33.876143,18.575669
TABLEVIEW BAYSIDE CENTRE,Taxi_code,Taxi,0,0
KOEBERG STATION,Taxi_code,Taxi,-33.937756,18.470134
TABLEVIEW BAYSIDE CENTRE,Taxi_code,Taxi,0,0
KEOBERG STATION,Taxi_code,Taxi,0,0
TABLEVIEW BAYSIDE CENTRE,Taxi_code,Taxi,0,0
GOODWOOD STATION,Taxi_code,Taxi,-33.876143,18.575669
MONTAGUE GARDENS,Taxi_code,Taxi,-33.876143,18.575669
GOODWOOD STATION,Taxi_code,Taxi,-33.876143,18.575669
MONTAGUE GARDENS,Taxi_code,Taxi,-33.876143,18.575669
DU NOON,Taxi_code,Taxi,-33.876143,18.575669
JOE SLOVO PARK,Taxi_code,Taxi,-33.876143,18.575669
DU NOON,Taxi_code,Taxi,-33.876143,18.575669
RATANGA JUNCTION,Taxi_code,Taxi,0,0
RATANGA JUNCTION,Taxi_code,Taxi,0,0
MONTAGUE GARDENS,Taxi_code,Taxi,-33.876143,18.575669
METRO INDUSTRY (PAARDEN EILAND),Taxi_code,Taxi,0,0
CAPE TOWN,Taxi_code,Taxi,-33.934091,18.417883
DU NOON,Taxi_code,Taxi,-33.876143,18.575669
SUMMER GREENS,Taxi_code,Taxi,-33.876143,18.575669
DU NOON,Taxi_code,Taxi,-33.876143,18.575669
DU NOON,Taxi_code,Taxi,-33.876143,18.575669
DU NOON,Taxi_code,Taxi,-33.876143,18.575669
CAPE TOWN STATION,Taxi_code,Taxi,-33.934091,18.417883
CAPE TOWN (STATION DECK),Taxi_code,Taxi,-33.934091,18.417883
CAPE TOWN STATION,Taxi_code,Taxi,-33.934091,18.417883
DU NOON,Taxi_code,Taxi,-33.876143,18.575669
CAPE TOWN STATION,Taxi_code,Taxi,-33.934091,18.417883
CAPE TOWN STATION,Taxi_code,Taxi,-33.934091,18.417883
MONTAGUE GARDENS,Taxi_code,Taxi,-33.876143,18.575669
CAPE TOWN,Taxi_code,Taxi,-33.934091,18.417883
DU NOON,Taxi_code,Taxi,-33.876143,18.575669
CAPE TOWN,Taxi_code,Taxi,-33.934091,18.417883
CAPE TOWN,Taxi_code,Taxi,-33.934091,18.417883
SUMMER GREENS,Taxi_code,Taxi,-33.876143,18.575669
SUMMER GREENS,Taxi_code,Taxi,-33.876143,18.575669
DU NOON,Taxi_code,Taxi,-33.876143,18.575669
MILNERTON RIDGE,Taxi_code,Taxi,-33.876143,18.575669
SUMMER GREENS,Taxi_code,Taxi,-33.876143,18.575669
SUMMER GREENS,Taxi_code,Taxi,-33.876143,18.575669
KOEBERG STATION,Taxi_code,Taxi,-33.937756,18.470134
KOEBERG STATION,Taxi_code,Taxi,-33.937756,18.470134
METRO,Taxi_code,Taxi,-33.937756,18.470134
KOEBERG STATION,Taxi_code,Taxi,-33.937756,18.470134
KOEBERG STATION,Taxi_code,Taxi,-33.937756,18.470134
KOEBERG STATION,Taxi_code,Taxi,-33.937756,18.470134
KOEBERG STATION,Taxi_code,Taxi,-33.937756,18.470134
KOEBERG STATION,Taxi_code,Taxi,-33.937756,18.470134
KOEBERG STATION,Taxi_code,Taxi,-33.937756,18.470134
KOEBERG STATION,Taxi_code,Taxi,-33.937756,18.470134
KOEBERG STATION,Taxi_code,Taxi,-33.937756,18.470134
KOEBERG STATION,Taxi_code,Taxi,-33.937756,18.470134
KOEBERG STATION,Taxi_code,Taxi,-33.937756,18.470134
KOEBERG STATION,Taxi_code,Taxi,-33.937756,18.470134
CAPE TOWN,Taxi_code,Taxi,-33.934091,18.417883
CAPE TOWN,Taxi_code,Taxi,-33.934091,18.417883
KOEBERG POWER STATION/MELLKBOS,Taxi_code,Taxi,0,0
CAPE TOWN,Taxi_code,Taxi,-33.934091,18.417883
MONTAGUE GARDENS,Taxi_code,Taxi,-33.876143,18.575669
CAPE TOWN,Taxi_code,Taxi,-33.934091,18.417883
KOEBERG STATION,Taxi_code,Taxi,-33.937756,18.470134
KOEBERG POWER STATION,Taxi_code,Taxi,-33.677591,18.434947
KOEBERG POWER STATION,Taxi_code,Taxi,-33.677591,18.434947
TABLE VIEW,Taxi_code,Taxi,-33.876143,18.575669
MELKBOS STRAND,Taxi_code,Taxi,0,0
TABLE VIEW,Taxi_code,Taxi,-33.876143,18.575669
KOEBERG RAILWAY STATION,Taxi_code,Taxi,-33.937756,18.470134
DU NOON,Taxi_code,Taxi,-33.876143,18.575669
TABLE VIEW - MELKBOSSTRAND,Taxi_code,Taxi,0,0
DU NOON,Taxi_code,Taxi,-33.876143,18.575669
TABLE VIEW - MELKBOSSTRAND,Taxi_code,Taxi,0,0
SAMORA MACHEL,Taxi_code,Taxi,-34.021253,18.61284
MELKBOSSTRAND - KILLARNEY,Taxi_code,Taxi,0,0
SURBURBAN BLISS,Taxi_code,Taxi,0,0
CAPE TOWN (STATION DECK),Taxi_code,Taxi,-33.934091,18.417883
KOEBERG POWER STATION,Taxi_code,Taxi,-33.677591,18.434947
CAPE TOWN (STATION DECK),Taxi_code,Taxi,-33.934091,18.417883
TABLE VIEW - MELKBOSSTRAND,Taxi_code,Taxi,0,0
KHAYELITSHA SITE C,Taxi_code,Taxi,-34.021253,18.61284
MELKBOS,Taxi_code,Taxi,-34.021253,18.61284
YSTERPLAAT RAILWAY STATION,Taxi_code,Taxi,-33.937756,18.470134
KOEBERG POWER STATION,Taxi_code,Taxi,-33.677591,18.434947
CAPE TOWN,Taxi_code,Taxi,-33.934091,18.417883
3RD STEEN BIG BAY,Taxi_code,Taxi,0,0
KOEBERG POWER STATION,Taxi_code,Taxi,-33.677591,18.434947
CAPE TOWN,Taxi_code,Taxi,-33.934091,18.417883
MONTAGUE GARDENS,Taxi_code,Taxi,-33.876143,18.575669
KOEBERG STATION,Taxi_code,Taxi,-33.937756,18.470134
WESFLEUR ATLANTIS,Taxi_code,Taxi,-33.565259,18.494204
KOEBERG POWER STATION,Taxi_code,Taxi,-33.677591,18.434947
DU NOON,Taxi_code,Taxi,-33.876143,18.575669
SAMORA MACHEL,Taxi_code,Taxi,-34.021253,18.61284
CAPE TOWN (STATION DECK),Taxi_code,Taxi,-33.934091,18.417883
CAPE TOWN STATION,Taxi_code,Taxi,-33.934091,18.417883
KHAYELITSHA SITE C,Taxi_code,Taxi,-34.021253,18.61284
BLAAUWBERG,Taxi_code,Taxi,-33.876143,18.575669
KHAYELITSHA SITE C,Taxi_code,Taxi,-34.021253,18.61284
KOEBERG POWER STATION,Taxi_code,Taxi,-33.677591,18.434947
TABLE VIEW,Taxi_code,Taxi,-33.876143,18.575669
PAARDEN EILAND,Taxi_code,Taxi,-33.937756,18.470134
PAARDEN EILAND,Taxi_code,Taxi,-33.937756,18.470134
TABLE VIEW,Taxi_code,Taxi,-33.876143,18.575669
BLOUBERG STRAND,Taxi_code,Taxi,0,0
KOEBERG RAILWAY STATION,Taxi_code,Taxi,-33.937756,18.470134
KOEBERG STATION,Taxi_code,Taxi,-33.937756,18.470134
YSTERPLAAT RAILWAY STATION,Taxi_code,Taxi,-33.937756,18.470134
MONTAGUE GARDENS,Taxi_code,Taxi,-33.876143,18.575669
CAPE TOWN,Taxi_code,Taxi,-33.934091,18.417883
CAPE TOWN,Taxi_code,Taxi,-33.934091,18.417883
CAPE TOWN,Taxi_code,Taxi,-33.934091,18.417883
MONTAGUE GARDENS,Taxi_code,Taxi,-33.876143,18.575669
CAPE TOWN (STATION DECK),Taxi_code,Taxi,-33.934091,18.417883
CAPE TOWN,Taxi_code,Taxi,-33.934091,18.417883
CAPE TOWN,Taxi_code,Taxi,-33.934091,18.417883
TABLE VIEW,Taxi_code,Taxi,-33.876143,18.575669
MONTAGUE GARDENS,Taxi_code,Taxi,-33.876143,18.575669
TABLE VIEW,Taxi_code,Taxi,-33.876143,18.575669
CENTURY CITY(RATANGA),Taxi_code,Taxi,0,0
CAPE TOWN,Taxi_code,Taxi,-33.934091,18.417883
CAPE TOWN,Taxi_code,Taxi,-33.934091,18.417883
KOEBERG STATION,Taxi_code,Taxi,-33.937756,18.470134
MONTAGUE GARDENS,Taxi_code,Taxi,-33.876143,18.575669
WESFLEUR ATLANTIS,Taxi_code,Taxi,-33.565259,18.494204
KOEBERG STATION,Taxi_code,Taxi,-33.937756,18.470134
CAPE TOWN,Taxi_code,Taxi,-33.934091,18.417883
WESFLEUR ATLANTIS,Taxi_code,Taxi,-33.565259,18.494204
WESFLEUR ATLANTIS,Taxi_code,Taxi,-33.565259,18.494204
CAPE TOWN,Taxi_code,Taxi,-33.934091,18.417883
SAXONSEA ATLANTIS,Taxi_code,Taxi,-33.550674,18.488059
CAPE TOWN,Taxi_code,Taxi,-33.934091,18.417883
SAXONSEA ATLANTIS,Taxi_code,Taxi,-33.550674,18.488059
SAXONSEA ATLANTIS,Taxi_code,Taxi,-33.550674,18.488059
CAPE TOWN,Taxi_code,Taxi,-33.934091,18.417883
WESFLEUR ATLANTIS,Taxi_code,Taxi,-33.565259,18.494204
MONTAGUE GARDENS,Taxi_code,Taxi,-33.876143,18.575669
CAPE TOWN,Taxi_code,Taxi,-33.934091,18.417883
VREDENBURG,Taxi_code,Taxi,-33.937756,18.470134
CAPE TOWN,Taxi_code,Taxi,-33.934091,18.417883
LAMBERTSBAAI,Taxi_code,Taxi,0,0
CAPE TOWN,Taxi_code,Taxi,-33.934091,18.417883
CAPE TOWN,Taxi_code,Taxi,-33.934091,18.417883
WESFLEUR ATLANTIS,Taxi_code,Taxi,-33.565259,18.494204
CAPE TOWN,Taxi_code,Taxi,-33.934091,18.417883
CAPE TOWN,Taxi_code,Taxi,-33.934091,18.417883
CAPE TOWN,Taxi_code,Taxi,-33.934091,18.417883
CAPE TOWN,Taxi_code,Taxi,-33.934091,18.417883
SALDANHA,Taxi_code,Taxi,-33.947463,18.402054
CAPE TOWN,Taxi_code,Taxi,-33.934091,18.417883
CAPE TOWN,Taxi_code,Taxi,-33.934091,18.417883
CENTURY CITY,Taxi_code,Taxi,-33.876143,18.575669
WESFLEUR ATLANTIS,Taxi_code,Taxi,-33.565259,18.494204
CAPE TOWN STATION,Taxi_code,Taxi,-33.934091,18.417883
KOEBERG POWER STATION,Taxi_code,Taxi,-33.677591,18.434947
CAPE TOWN STATION,Taxi_code,Taxi,-33.934091,18.417883
KOEBERG STATION,Taxi_code,Taxi,-33.937756,18.470134
DU NOON,Taxi_code,Taxi,-33.876143,18.575669
DU NOON,Taxi_code,Taxi,-33.876143,18.575669
KOEBERG STATION,Taxi_code,Taxi,-33.937756,18.470134
KOEBERG STATION,Taxi_code,Taxi,-33.937756,18.470134
KOEBERG STATION,Taxi_code,Taxi,-33.937756,18.470134
KOEBERG STATION,Taxi_code,Taxi,-33.937756,18.470134
KOEBERG STATION,Taxi_code,Taxi,-33.937756,18.470134
KOEBERG STATION,Taxi_code,Taxi,-33.937756,18.470134
KOEBERG STATION,Taxi_code,Taxi,-33.937756,18.470134
KOEBERG STATION,Taxi_code,Taxi,-33.937756,18.470134
KOEBERG STATION,Taxi_code,Taxi,-33.937756,18.470134
KOEBERG STATION,Taxi_code,Taxi,-33.937756,18.470134
WESTLAKE - BLUE ROUTE,Taxi_code,Taxi,0,0
SURBURBAN BLISS,Taxi_code,Taxi,0,0
TYGERBERG STATION,Taxi_code,Taxi,-33.905439,18.630432
TYGERBERG,Taxi_code,Taxi,-33.876143,18.575669
TYGERBERG STATION,Taxi_code,Taxi,-33.905439,18.630432
ELSIES RIVER,Taxi_code,Taxi,-33.876143,18.575669
CAPE TOWN STATION,Taxi_code,Taxi,-33.934091,18.417883
SHOPRITE KUILSRIVER,Taxi_code,Taxi,0,0
ZEVENWACHT MALL,Taxi_code,Taxi,0,0
MITCHELL'S PLAIN,Taxi_code,Taxi,-34.021253,18.61284
MITCHELL'S PLAIN,Taxi_code,Taxi,-34.021253,18.61284
MITCHELL'S PLAIN,Taxi_code,Taxi,-34.021253,18.61284
MITCHELL'S PLAIN,Taxi_code,Taxi,-34.021253,18.61284
GUGULETHU,Taxi_code,Taxi,-34.021253,18.61284
SAMORA MACHEL,Taxi_code,Taxi,-34.021253,18.61284
NYANGA JUNCTION,Taxi_code,Taxi,-34.021253,18.61284
LOWER CROSS ROADS,Taxi_code,Taxi,0,0
MITCHELL'S PLAIN,Taxi_code,Taxi,-34.021253,18.61284
MITCHELL'S PLAIN,Taxi_code,Taxi,-34.021253,18.61284
MITCHELL'S PLAIN,Taxi_code,Taxi,-34.021253,18.61284
MITCHELL'S PLAIN,Taxi_code,Taxi,-34.021253,18.61284
MITCHELL'S PLAIN,Taxi_code,Taxi,-34.021253,18.61284
MITCHELL'S PLAIN,Taxi_code,Taxi,-34.021253,18.61284
NYANGA JUNCTION,Taxi_code,Taxi,-34.021253,18.61284
MITCHELL'S PLAIN,Taxi_code,Taxi,-34.021253,18.61284
MITCHELL'S PLAIN,Taxi_code,Taxi,-34.021253,18.61284
MELTON ROSE,Taxi_code,Taxi,-33.989556,18.720553
ZEVENWACHT MALL,Taxi_code,Taxi,0,0
MITCHELL'S PLAIN,Taxi_code,Taxi,-34.021253,18.61284
MITCHELL'S PLAIN,Taxi_code,Taxi,-34.021253,18.61284
MITCHELL'S PLAIN,Taxi_code,Taxi,-34.021253,18.61284
KOEBERG STATION,Taxi_code,Taxi,-33.937756,18.470134
MONTAGUE GARDENS,Taxi_code,Taxi,-33.876143,18.575669
MITCHELL'S PLAIN,Taxi_code,Taxi,-34.021253,18.61284
MITCHELL'S PLAIN,Taxi_code,Taxi,-34.021253,18.61284
WYNBERG (CONSTANTIA),Taxi_code,Taxi,-33.937756,18.470134
CENTURY CITY,Taxi_code,Taxi,-33.876143,18.575669
CENTURY CITY,Taxi_code,Taxi,-33.876143,18.575669
PHILIPPI STATION,Taxi_code,Taxi,-34.021253,18.61284
MELTON ROSE,Taxi_code,Taxi,-33.989556,18.720553
VRYGROND,Taxi_code,Taxi,-34.083927,18.48761
FISH HOEK,Taxi_code,Taxi,-34.132976,18.379456
TYGERBERG STATION,Taxi_code,Taxi,-33.905439,18.630432
SURBURBAN BLISS,Taxi_code,Taxi,0,0
ELSIES RIVER,Taxi_code,Taxi,-33.876143,18.575669
CAPE TOWN,Taxi_code,Taxi,-33.934091,18.417883
ZEVENWACHT MALL,Taxi_code,Taxi,0,0
SHOPRITE KUILSRIVER,Taxi_code,Taxi,0,0
MITCHELL'S PLAIN,Taxi_code,Taxi,-34.021253,18.61284
NYANGA JUNCTION,Taxi_code,Taxi,-34.021253,18.61284
SAMORA MACHEL,Taxi_code,Taxi,-34.021253,18.61284
MITCHELL'S PLAIN,Taxi_code,Taxi,-34.021253,18.61284
MITCHELL'S PLAIN,Taxi_code,Taxi,-34.021253,18.61284
ZEVENWACHT MALL,Taxi_code,Taxi,0,0
MELTON ROSE,Taxi_code,Taxi,-33.989556,18.720553
WYNBERG (CONSTANTIA),Taxi_code,Taxi,-33.937756,18.470134
CENTURY CITY,Taxi_code,Taxi,-33.876143,18.575669
CENTURY CITY,Taxi_code,Taxi,-33.876143,18.575669
PHILIPPI STATION,Taxi_code,Taxi,-34.021253,18.61284
MELTON ROSE,Taxi_code,Taxi,-33.989556,18.720553
FISH HOEK,Taxi_code,Taxi,-34.132976,18.379456
MFULENI RANK,Taxi_code,Taxi,0,0
EXTENSION 3,Taxi_code,Taxi,-34.024529,18.362226
LANGA/EPPING,Taxi_code,Taxi,-33.937756,18.470134
CAPE TOWN (STATION DECK),Taxi_code,Taxi,-33.934091,18.417883
MITCHELLS PLAIN,Taxi_code,Taxi,-34.021253,18.61284
CAPE TOWN,Taxi_code,Taxi,-33.934091,18.417883
CLAREMONT (LANSDOWNE RD,Taxi_code,Taxi,-33.937756,18.470134
MELKBOSSTRAND - KILLARNEY,Taxi_code,Taxi,0,0
FISH HOEK,Taxi_code,Taxi,-34.132976,18.379456
FISH HOEK,Taxi_code,Taxi,-34.132976,18.379456
